"","collection_no","record_type","formation","lng","lat","collection_name","collection_subset","collection_aka","n_occs","early_interval","late_interval","max_ma","min_ma","reference_no","paleomodel","paleolng","paleolat","geoplate","marine","mid_ma","time_bin","ext"
"4479",24798,"col","",-1.6702,46.437599,"L'Anse de la République tracksite, F6",NA,"Veillon, Republique Cove, principal slab",5,"Rhaetian","",208.5,201.3,6952,"gp_mid",12.09,29.89,"305",1,204.9,"rhaetian",1
"5004",27953,"col","Koessen",9,47,"Gaissau 1",NA,"",5,"Rhaetian","",208.5,201.3,7658,"gp_mid",19.5,33.65,"305",1,204.9,"rhaetian",1
"5005",27954,"col","Koessen",9,47,"Gaissau 3",NA,"",1,"Rhaetian","",208.5,201.3,7658,"gp_mid",19.5,33.65,"305",1,204.9,"rhaetian",1
"5006",27955,"col","Koessen",9,47,"Gaissau 4",NA,"",3,"Rhaetian","",208.5,201.3,7658,"gp_mid",19.5,33.65,"305",1,204.9,"rhaetian",1
"5007",27956,"col","Koessen",9,47,"Gaissau 6",NA,"",3,"Rhaetian","",208.5,201.3,7658,"gp_mid",19.5,33.65,"305",1,204.9,"rhaetian",1
"5008",27957,"col","Koessen",9,47,"Gaissau 7-1",NA,"",1,"Rhaetian","",208.5,201.3,7658,"gp_mid",19.5,33.65,"305",1,204.9,"rhaetian",1
"5009",27958,"col","Koessen",9,47,"Gaissau 9",NA,"",4,"Rhaetian","",208.5,201.3,7658,"gp_mid",19.5,33.65,"305",1,204.9,"rhaetian",1
"5016",27965,"col","Koessen",9,47,"Gaissau 10",NA,"",7,"Rhaetian","",208.5,201.3,7658,"gp_mid",19.5,33.65,"305",1,204.9,"rhaetian",1
"5017",27966,"col","Koessen",9,47,"Gaissau 11",NA,"",5,"Rhaetian","",208.5,201.3,7658,"gp_mid",19.5,33.65,"305",1,204.9,"rhaetian",1
"5018",27967,"col","Koessen",9,47,"Gaissau 13",NA,"",3,"Rhaetian","",208.5,201.3,7658,"gp_mid",19.5,33.65,"305",1,204.9,"rhaetian",1
"5019",27968,"col","Koessen",9,47,"Gaissau 16",NA,"",4,"Rhaetian","",208.5,201.3,7658,"gp_mid",19.5,33.65,"305",1,204.9,"rhaetian",1
"5020",27969,"col","Koessen",9,47,"Gaissau 21",NA,"",3,"Rhaetian","",208.5,201.3,7658,"gp_mid",19.5,33.65,"305",1,204.9,"rhaetian",1
"5021",27970,"col","Koessen",9,47,"Gaissau 22-1",NA,"",1,"Rhaetian","",208.5,201.3,7658,"gp_mid",19.5,33.65,"305",1,204.9,"rhaetian",1
"5022",27971,"col","Koessen",9,47,"Gaissau 23",NA,"",2,"Rhaetian","",208.5,201.3,7658,"gp_mid",19.5,33.65,"305",1,204.9,"rhaetian",1
"5023",27972,"col","Koessen",9,47,"Gaissau 32",NA,"",1,"Rhaetian","",208.5,201.3,7658,"gp_mid",19.5,33.65,"305",1,204.9,"rhaetian",1
"5441",31176,"col","Mine",12.9,56.083332,"Scania dark shale below lower coal bed",NA,"",12,"Rhaetian","",208.5,201.3,8394,"gp_mid",16.22,42.69,"302",1,204.9,"rhaetian",1
"5442",31177,"col","Mine",12.85,56.099998,"Scania lower coal bed",NA,"",27,"Rhaetian","",208.5,201.3,8394,"gp_mid",16.17,42.69,"302",1,204.9,"rhaetian",1
"5443",31178,"col","Mine",12.916667,56.099998,"Scania roof lower coal bed",NA,"",2,"Rhaetian","",208.5,201.3,8394,"gp_mid",16.21,42.71,"302",1,204.9,"rhaetian",1
"5444",31179,"col","Mine",12.9,56.083332,"Scania upper coal layer",NA,"",31,"Rhaetian","",208.5,201.3,8394,"gp_mid",16.22,42.69,"302",1,204.9,"rhaetian",1
"5460",31235,"col","Mine",13,56.049999,"Billesholm upper coal bed",NA,"",1,"Rhaetian","",208.5,201.3,8415,"gp_mid",16.3,42.69,"302",1,204.9,"rhaetian",1
"5461",31236,"col","Mine",12.85,56.099998,"Hyllinge lower coal bed",NA,"",2,"Rhaetian","",208.5,201.3,8415,"gp_mid",16.17,42.69,"302",1,204.9,"rhaetian",1
"5462",31237,"col","Mine",12.85,56.099998,"Bjuv lower coal bed",NA,"",2,"Rhaetian","",208.5,201.3,8415,"gp_mid",16.17,42.69,"302",1,204.9,"rhaetian",1
"8182",36905,"col","",115.5,-16.75,"Wombat Plateau, Site 761, upper interval",NA,"",14,"Rhaetian","",208.5,201.3,9876,"gp_mid",82.91,-23.63,"801",1,204.9,"rhaetian",1
"9418",38956,"col","",174.833328,-38,"Kawhia R15/f8833",NA,"",1,"Rhaetian","",208.5,201.3,10524,"gp_mid",88.49,-67.2,"806",1,204.9,"rhaetian",1
"9563",39356,"col","",4.183333,44.25,"Gammal, Saint-Ambroix, Bed 21",39214,"",1,"Rhaetian","",208.5,201.3,10588,"gp_mid",17.45,29.67,"305",1,204.9,"rhaetian",1
"9564",39357,"col","",4.183333,44.25,"Gammal, Saint-Ambroix, Bed 24",39214,"",3,"Rhaetian","",208.5,201.3,10588,"gp_mid",17.45,29.67,"305",1,204.9,"rhaetian",1
"9565",39358,"col","",4.183333,44.25,"Gammal, Saint-Ambroix, Bed 25",39214,"",3,"Rhaetian","",208.5,201.3,10588,"gp_mid",17.45,29.67,"305",1,204.9,"rhaetian",1
"9566",39359,"col","",4.183333,44.25,"Gammal, Saint-Ambroix, Bed 26",39214,"",5,"Rhaetian","",208.5,201.3,10588,"gp_mid",17.45,29.67,"305",1,204.9,"rhaetian",1
"9567",39360,"col","",4.183333,44.25,"Gammal, Saint-Ambroix, Bed 27",39214,"",2,"Rhaetian","",208.5,201.3,10588,"gp_mid",17.45,29.67,"305",1,204.9,"rhaetian",1
"9568",39361,"col","",4.183333,44.25,"Gammal, Saint-Ambroix, Bed 28",39214,"",8,"Rhaetian","",208.5,201.3,10588,"gp_mid",17.45,29.67,"305",1,204.9,"rhaetian",1
"9569",39362,"col","",4.183333,44.25,"Gammal, Saint-Ambroix, Bed 29",39214,"",6,"Rhaetian","",208.5,201.3,10588,"gp_mid",17.45,29.67,"305",1,204.9,"rhaetian",1
"9570",39363,"col","",4.183333,44.25,"Gammal, Saint-Ambroix, Bed 30",39214,"",6,"Rhaetian","",208.5,201.3,10588,"gp_mid",17.45,29.67,"305",1,204.9,"rhaetian",1
"9571",39364,"col","",4.183333,44.25,"Gammal, Saint-Ambroix, Bed 31",39214,"",14,"Rhaetian","",208.5,201.3,10588,"gp_mid",17.45,29.67,"305",1,204.9,"rhaetian",1
"9572",39365,"col","",4.183333,44.25,"Gammal, Saint-Ambroix, Bed 32",39214,"",8,"Rhaetian","",208.5,201.3,10588,"gp_mid",17.45,29.67,"305",1,204.9,"rhaetian",1
"9573",39366,"col","",4.183333,44.25,"Gammal, Saint-Ambroix, Bed 33",39214,"",9,"Rhaetian","",208.5,201.3,10588,"gp_mid",17.45,29.67,"305",1,204.9,"rhaetian",1
"9574",39367,"col","",4.183333,44.25,"Bonniol, Saint-Ambroix",NA,"",8,"Rhaetian","",208.5,201.3,10588,"gp_mid",17.45,29.67,"305",1,204.9,"rhaetian",1
"11070",41892,"col","",9.797778,36.886112,"Jebel Baouala section 3",NA,"",1,"Rhaetian","",208.5,201.3,11184,"gp_mid",18.11,21.58,"714",1,204.9,"rhaetian",1
"11141",41980,"col","Fkirine",9.25,36.466667,"Diapir realm northern slope of jebel",NA,"",5,"Rhaetian","",208.5,201.3,11184,"gp_mid",17.55,21.28,"714",1,204.9,"rhaetian",1
"11143",41982,"col","Fkirine",9.083333,36.466667,"Diapir realm southern slope of jebel",NA,"",2,"Rhaetian","",208.5,201.3,11184,"gp_mid",17.41,21.31,"714",1,204.9,"rhaetian",1
"11236",42086,"col","",9.740556,37.30611,"Bechateur quarry outcrop 1",NA,"",2,"Rhaetian","",208.5,201.3,11184,"gp_mid",18.17,22,"714",1,204.9,"rhaetian",1
"11238",42088,"col","El Graya",9.740556,37.30611,"Bechateur quarry outcrop 2",NA,"",2,"Rhaetian","",208.5,201.3,11184,"gp_mid",18.17,22,"714",1,204.9,"rhaetian",1
"11240",42090,"col","El Graya",9.873889,37.274445,"Ras El Korane area",NA,"",2,"Rhaetian","",208.5,201.3,11184,"gp_mid",18.28,21.95,"714",1,204.9,"rhaetian",1
"16147",50759,"col","Ngutunui",174.699997,-38.299999,"Southwest Auckland, Ngutunui, early Otapirian",NA,"",11,"Rhaetian","",208.5,201.3,11545,"gp_mid",87.7,-67.12,"806",1,204.9,"rhaetian",1
"16148",50760,"col","Ngutunui",174.699997,-38.299999,"Southwest Auckland, Ngutunui, late Otapirian",NA,"",18,"Rhaetian","",208.5,201.3,11545,"gp_mid",87.7,-67.12,"806",1,204.9,"rhaetian",1
"16535",51235,"col","Klettgau",8.451944,47.706112,"Breitelen, Hallau layers d & e",NA,"Unter-Hallau, Hallau-Bratelen",20,"Rhaetian","",208.5,201.3,19839,"gp_mid",18.7,34.1,"305",1,204.9,"rhaetian",1
"19182",56719,"col","",23.516666,37.366669,"Lo 29, Kap-Kastello, Hydra, Greece",NA,"",20,"Rhaetian","",208.5,201.3,15293,"gp_mid",28.6,14.2,"307",1,204.9,"rhaetian",1
"20161",57958,"col","Westbury",-2.629478,51.60265,"Rhaetic Bone Bed, Aust Cliff",NA,"",18,"Rhaetian","",208.5,201.3,14071,"gp_mid",8.84,34.31,"315",1,204.9,"rhaetian",1
"20208",58155,"col","",-3.5771,51.5065,"Stormy Down, Bridgend",NA,"",1,"Rhaetian","",208.5,201.3,29866,"gp_mid",8.25,33.97,"315",1,204.9,"rhaetian",1
"20522",58586,"col","Gökdere",31.683332,36.866669,"01UKT251, Hocaköy Section, Antalya",NA,"",15,"Rhaetian","",208.5,201.3,16637,"gp_mid",36.05,14.61,"504",1,204.9,"rhaetian",1
"20780",59042,"col","Upper Trias",-1.133333,52.633331,"Ophiuroidea, Rhaetian, Spinney Hill, Leicester, UK",NA,"",1,"Rhaetian","",208.5,201.3,16757,"gp_mid",9.3,35.64,"315",1,204.9,"rhaetian",1
"20822",59170,"col","Gökdere",31.683332,36.866669,"97UKT146, Hocaköy Section, Antalya",NA,"",17,"Rhaetian","",208.5,201.3,16637,"gp_mid",36.05,14.61,"504",1,204.9,"rhaetian",1
"20823",59171,"col","Gökdere",31.683332,36.866669,"97UKT147, Hocaköy Section, Antalya",NA,"",26,"Rhaetian","",208.5,201.3,16637,"gp_mid",36.05,14.61,"504",1,204.9,"rhaetian",1
"20824",59172,"col","Gökdere",31.683332,36.866669,"97UKT148, Hocaköy Section, Antalya",NA,"",19,"Rhaetian","",208.5,201.3,16637,"gp_mid",36.05,14.61,"504",1,204.9,"rhaetian",1
"20825",59173,"col","Gökdere",31.683332,36.866669,"97UKT149-01UKT253, Hocaköy Section, Antalya",NA,"",17,"Rhaetian","",208.5,201.3,16637,"gp_mid",36.05,14.61,"504",1,204.9,"rhaetian",1
"20826",59174,"col","Gökdere",31.683332,36.866669,"97UKT150-01UKT254, Hocaköy Section, Antalya",NA,"",7,"Rhaetian","",208.5,201.3,16637,"gp_mid",36.05,14.61,"504",1,204.9,"rhaetian",1
"21639",60541,"col","Grès de Boisset",5.899167,46.910557,"Boisset, French Jura",NA,"",8,"Rhaetian","",208.5,201.3,17403,"gp_mid",17.31,32.59,"305",1,204.9,"rhaetian",1
"21658",60566,"col","",5.55,46.666672,"Lons-le-Saunier, R11",NA,"",13,"Rhaetian","",208.5,201.3,17409,"gp_mid",17.19,32.26,"305",1,204.9,"rhaetian",1
"21659",60567,"col","",5.55,46.666672,"Lons-le-Saunier, R20",NA,"",11,"Rhaetian","",208.5,201.3,17409,"gp_mid",17.19,32.26,"305",1,204.9,"rhaetian",1
"21660",60568,"col","",5.55,46.666672,"Lons-le-Saunier, R22",NA,"",10,"Rhaetian","",208.5,201.3,17409,"gp_mid",17.19,32.26,"305",1,204.9,"rhaetian",1
"22816",62031,"col","",6.992222,43.752499,"Ophiuroidea, Rhaetian, Gorges du Loup, Alpes Maritime, France",NA,"",5,"Rhaetian","",208.5,201.3,17933,"gp_mid",19.8,30.12,"305",1,204.9,"rhaetian",1
"23283",62956,"col","Westbury",-2.96,50.970001,"Beer Crocombe",NA,"",26,"Rhaetian","",208.5,201.3,18149,"gp_mid",8.94,33.65,"315",1,204.9,"rhaetian",1
"23292",62965,"col","Lilstock",-2,52,"Pylle Hill",NA,"",3,"Rhaetian","",208.5,201.3,18149,"gp_mid",9.06,34.83,"315",1,204.9,"rhaetian",1
"26050",67677,"col","",121.333336,-1.966667,"Kolonodale area, E Sulawesi, reefal facies",NA,"Reef 147",18,"Rhaetian","",208.5,201.3,19322,"gp_mid",105.88,-18.65,"684",1,204.9,"rhaetian",1
"26791",68882,"col","Gres de Mortinsart",5.616667,49.708332,"HLV-3, Habay-la-Vieille III",NA,"",13,"Rhaetian","",208.5,201.3,63605,"gp_mid",15.55,34.98,"315",1,204.9,"rhaetian",1
"27879",70801,"col","",-1.6644,46.4347,"Pointe du Veillon tracksite, F1",NA,"Veillon Point",5,"Rhaetian","",208.5,201.3,71060,"gp_mid",12.1,29.89,"305",1,204.9,"rhaetian",1
"27880",70804,"col","",-1.6647,46.434101,"Pointe du Veillon tracksite, F3",NA,"Veillon Point",1,"Rhaetian","",208.5,201.3,23532,"gp_mid",12.1,29.89,"305",1,204.9,"rhaetian",1
"27882",70803,"col","",-1.6705,46.437,"L'Anse de la République tracksite, F7",NA,"Veillon, Republique Cove",1,"Rhaetian","",208.5,201.3,23532,"gp_mid",12.09,29.89,"305",1,204.9,"rhaetian",1
"31364",78449,"col","Westbury",-3.266667,51.166668,"St. Audrie's Bay, 2.6 m, Somerset, SW England",NA,"",2,"Rhaetian","",208.5,201.3,26390,"gp_mid",8.63,33.74,"315",1,204.9,"rhaetian",1
"31365",78450,"col","Westbury",-3.266667,51.166668,"St. Audrie's Bay, 3.3 m, Somerset, SW England",NA,"",3,"Rhaetian","",208.5,201.3,26390,"gp_mid",8.63,33.74,"315",1,204.9,"rhaetian",1
"31367",78452,"col","Westbury",-3.266667,51.166668,"St. Audrie's Bay, 3.8 m, Somerset, SW England",NA,"",3,"Rhaetian","",208.5,201.3,26390,"gp_mid",8.63,33.74,"315",1,204.9,"rhaetian",1
"31369",78454,"col","Westbury",-3.266667,51.166668,"St. Audrie's Bay, 4.2 m, Somerset, SW England",NA,"",2,"Rhaetian","",208.5,201.3,26390,"gp_mid",8.63,33.74,"315",1,204.9,"rhaetian",1
"31372",78457,"col","Westbury",-3.266667,51.166668,"St. Audrie's Bay, 5.3 m, Somerset, SW England",NA,"",5,"Rhaetian","",208.5,201.3,26390,"gp_mid",8.63,33.74,"315",1,204.9,"rhaetian",1
"31374",78459,"col","Westbury",-3.266667,51.166668,"St. Audrie's Bay, 5.8 m, Somerset, SW England",NA,"",2,"Rhaetian","",208.5,201.3,26390,"gp_mid",8.63,33.74,"315",1,204.9,"rhaetian",1
"31375",78460,"col","Westbury",-3.266667,51.166668,"St. Audrie's Bay, 7.2 m, Somerset, SW England",NA,"",12,"Rhaetian","",208.5,201.3,26390,"gp_mid",8.63,33.74,"315",1,204.9,"rhaetian",1
"31379",78464,"col","Westbury",-3.266667,51.166668,"St. Audrie's Bay, 8.3 m, Somerset, SW England",NA,"",4,"Rhaetian","",208.5,201.3,26390,"gp_mid",8.63,33.74,"315",1,204.9,"rhaetian",1
"31383",78468,"col","Westbury",-3.266667,51.166668,"St. Audrie's Bay, 9.5 m, Somerset, SW England",NA,"",5,"Rhaetian","",208.5,201.3,26390,"gp_mid",8.63,33.74,"315",1,204.9,"rhaetian",1
"31385",78470,"col","Westbury",-3.266667,51.166668,"St. Audrie's Bay, 10.0 m, Somerset, SW England",NA,"",4,"Rhaetian","",208.5,201.3,26390,"gp_mid",8.63,33.74,"315",1,204.9,"rhaetian",1
"31387",78472,"col","Westbury",-3.266667,51.166668,"St. Audrie's Bay, 10.5 m, Somerset, SW England",NA,"",10,"Rhaetian","",208.5,201.3,26390,"gp_mid",8.63,33.74,"315",1,204.9,"rhaetian",1
"31391",78477,"col","Westbury",-3.266667,51.166668,"St. Audrie's Bay, 10.7 m, Somerset, SW England",NA,"",9,"Rhaetian","",208.5,201.3,26390,"gp_mid",8.63,33.74,"315",1,204.9,"rhaetian",1
"31393",78479,"col","Westbury",-3.266667,51.166668,"St. Audrie's Bay, 11.3 m, Somerset, SW England",NA,"",10,"Rhaetian","",208.5,201.3,26390,"gp_mid",8.63,33.74,"315",1,204.9,"rhaetian",1
"31396",78482,"col","Lilstock",-3.266667,51.166668,"St. Audrie's Bay, 12.0 m, Somerset, SW England",NA,"",3,"Rhaetian","",208.5,201.3,26390,"gp_mid",8.63,33.74,"315",1,204.9,"rhaetian",1
"31977",79691,"col","",6.322222,44.718613,"Ophiuroidea, Rhaetian, Crète de Casse-Blanche, Orcières, Hautes-Alpes",NA,"",2,"Rhaetian","",208.5,201.3,26732,"gp_mid",18.79,30.77,"305",1,204.9,"rhaetian",1
"34435",84118,"col","Westbury",-2.547307,51.189743,"railway cutting, Shepton Mallet (24.9 ft)",NA,"",1,"Rhaetian","",208.5,201.3,28164,"gp_mid",9.11,33.96,"315",1,204.9,"rhaetian",1
"34988",85017,"col","",174.694305,-38.6726,"AU 326, Awakino Gorge (R18/f6562)",NA,"",3,"Otapirian","",205.6,201.6,43142,"gp_mid",86.22,-66.63,"806",1,203.6,"rhaetian",1
"35035",85115,"col","Bourake",166.025208,-22.02939,"AU 6073, Ile Ducos (NC/f087)",NA,"",1,"Otapirian","",205.6,201.6,28614,"gp_mid",113.84,-54.14,"834",1,203.6,"rhaetian",1
"35237",85397,"col","",32.939167,30.835278,"Oyuklu 96/154",NA,"",2,"Rhaetian","",208.5,201.3,28712,"gp_mid",35.37,10.31,"508",1,204.9,"rhaetian",1
"35238",85398,"col","",32.939167,30.835278,"Oyuklu 96/154A",NA,"",1,"Rhaetian","",208.5,201.3,28712,"gp_mid",35.37,10.31,"508",1,204.9,"rhaetian",1
"35239",85399,"col","",32.939167,30.835278,"Oyuklu 96/154B",NA,"",5,"Rhaetian","",208.5,201.3,28712,"gp_mid",35.37,10.31,"508",1,204.9,"rhaetian",1
"35240",85400,"col","",32.939167,30.835278,"Oyuklu 96/155",NA,"",2,"Rhaetian","",208.5,201.3,28712,"gp_mid",35.37,10.31,"508",1,204.9,"rhaetian",1
"35241",85401,"col","",32.939167,30.835278,"Oyuklu 96/156",NA,"",4,"Rhaetian","",208.5,201.3,28712,"gp_mid",35.37,10.31,"508",1,204.9,"rhaetian",1
"35242",85402,"col","",32.939167,30.835278,"Oyuklu 96/156A",NA,"",3,"Rhaetian","",208.5,201.3,28712,"gp_mid",35.37,10.31,"508",1,204.9,"rhaetian",1
"35243",85403,"col","",32.939167,30.835278,"Oyuklu 96/156",NA,"",4,"Rhaetian","",208.5,201.3,28712,"gp_mid",35.37,10.31,"508",1,204.9,"rhaetian",1
"35244",85404,"col","",32.939167,30.835278,"Oyuklu 96/156A",NA,"",3,"Rhaetian","",208.5,201.3,28712,"gp_mid",35.37,10.31,"508",1,204.9,"rhaetian",1
"35245",85405,"col","",32.939167,30.835278,"Oyuklu 96/157",NA,"",2,"Rhaetian","",208.5,201.3,28712,"gp_mid",35.37,10.31,"508",1,204.9,"rhaetian",1
"35246",85406,"col","",32.939167,30.835278,"Oyuklu 98/98A",NA,"",3,"Rhaetian","",208.5,201.3,28712,"gp_mid",35.37,10.31,"508",1,204.9,"rhaetian",1
"35247",85407,"col","",32.939167,30.835278,"Oyuklu 98/98B",NA,"",2,"Rhaetian","",208.5,201.3,28712,"gp_mid",35.37,10.31,"508",1,204.9,"rhaetian",1
"35248",85408,"col","",32.939167,30.835278,"Oyuklu 96/157A",NA,"",4,"Rhaetian","",208.5,201.3,28712,"gp_mid",35.37,10.31,"508",1,204.9,"rhaetian",1
"35249",85409,"col","",32.939167,30.835278,"Oyuklu 96/157X",NA,"",2,"Rhaetian","",208.5,201.3,28712,"gp_mid",35.37,10.31,"508",1,204.9,"rhaetian",1
"35250",85410,"col","",32.939167,30.835278,"Oyuklu 96/157B",NA,"",1,"Rhaetian","",208.5,201.3,28712,"gp_mid",35.37,10.31,"508",1,204.9,"rhaetian",1
"35251",85411,"col","",32.939167,30.835278,"Oyuklu 96/157C",NA,"",1,"Rhaetian","",208.5,201.3,28712,"gp_mid",35.37,10.31,"508",1,204.9,"rhaetian",1
"35252",85412,"col","",32.939167,30.835278,"Oyuklu 96/158",NA,"",2,"Rhaetian","",208.5,201.3,28712,"gp_mid",35.37,10.31,"508",1,204.9,"rhaetian",1
"35253",85413,"col","",32.939167,30.835278,"Oyuklu 96/158A",NA,"",2,"Rhaetian","",208.5,201.3,28712,"gp_mid",35.37,10.31,"508",1,204.9,"rhaetian",1
"35254",85414,"col","",32.939167,30.835278,"Oyuklu 96/159",NA,"",2,"Rhaetian","",208.5,201.3,28712,"gp_mid",35.37,10.31,"508",1,204.9,"rhaetian",1
"35255",85415,"col","",32.939167,30.835278,"Oyuklu 80/309B",NA,"",2,"Rhaetian","",208.5,201.3,28712,"gp_mid",35.37,10.31,"508",1,204.9,"rhaetian",1
"35256",85416,"col","",32.939167,30.835278,"Oyuklu 80/309",NA,"",1,"Rhaetian","",208.5,201.3,28712,"gp_mid",35.37,10.31,"508",1,204.9,"rhaetian",1
"37636",89046,"col","Westbury",-2.350278,51.239723,"Vallis Valle",NA,"",1,"Rhaetian","",208.5,201.3,29871,"gp_mid",9.22,34.05,"315",1,204.9,"rhaetian",1
"37638",89048,"col","Blue Anchor",-3.382778,51.183056,"east side, Blue Anchor Point, Watchet",NA,"Hypsiprymnopsis holotype site",7,"Rhaetian","",208.5,201.3,29872,"gp_mid",8.55,33.73,"315",1,204.9,"rhaetian",1
"38500",90876,"col","",5.516667,47.200001,"Moissey",NA,"",10,"Rhaetian","",208.5,201.3,30573,"gp_mid",16.88,32.72,"305",1,204.9,"rhaetian",1
"38501",90877,"col","",5.97,47.285,"Miserey, bed 1",NA,"",2,"Rhaetian","",208.5,201.3,30573,"gp_mid",17.16,32.94,"305",1,204.9,"rhaetian",1
"39372",92109,"col","",6.305556,48.640278,"Varangéville",NA,"",19,"Rhaetian","",208.5,201.3,32012,"gp_mid",16.64,34.24,"305",1,204.9,"rhaetian",1
"42289",96612,"col","Westbury",-1.75,52.216667,"Greaves and Kershaw's Quarry, Wilmcote (bed 21)",NA,"",1,"Rhaetian","",208.5,201.3,32796,"gp_mid",9.11,35.1,"315",1,204.9,"rhaetian",1
"42290",96613,"col","Westbury",-2.966667,51.316666,"Uphill Cutting bonebed",NA,"coprolite bed",3,"Rhaetian","",208.5,201.3,32796,"gp_mid",8.76,33.96,"315",1,204.9,"rhaetian",1
"42291",96615,"col","Westbury",-2.166667,51.933334,"Coombe Hill bonebed",NA,"Coomb Hill",6,"Rhaetian","",208.5,201.3,36223,"gp_mid",8.98,34.73,"315",1,204.9,"rhaetian",1
"42292",96616,"col","Westbury",-2.226111,51.93,"Wainlode Cliff bonebed",NA,"",8,"Rhaetian","",208.5,201.3,36223,"gp_mid",8.94,34.71,"315",1,204.9,"rhaetian",1
"42293",96617,"col","Westbury",-2.413017,51.815845,"Garden Cliff (Bone Bed)",NA,"Westbury-on-Severn, Golden Cliff",14,"Rhaetian","",208.5,201.3,32796,"gp_mid",8.88,34.56,"315",1,204.9,"rhaetian",1
"44450",99843,"col","",115.23333,-16.483334,"Sample S08-61KD, Sonne Cruise 8, Wombat Plateau",NA,"",14,"Rhaetian","",208.5,201.3,32296,"gp_mid",82.91,-23.26,"801",1,204.9,"rhaetian",1
"44982",100585,"col","",-130.25,56.583332,"GSC C-210856 Atkins Ridge",NA,"",1,"Rhaetian","",208.5,201.3,34480,"gp_mid",-60.51,24.96,"127",1,204.9,"rhaetian",1
"48709",107002,"col","Wilhelmøya",28.198334,78.928612,"Kapp Koburg, Kongsøya",NA,"",2,"Rhaetian","",208.5,201.3,35680,"gp_mid",-5.79,62.17,"311",1,204.9,"rhaetian",1
"52345",111203,"col","",5.798,46.973999,"Fort-Mouchard",NA,"",1,"Rhaetian","",208.5,201.3,36464,"gp_mid",17.21,32.61,"305",1,204.9,"rhaetian",1
"54359",113957,"col","",-1.83,52.275002,"Brown's Wood, Warwickshire",NA,"",14,"Rhaetian","",208.5,201.3,36996,"gp_mid",9.03,35.13,"315",1,204.9,"rhaetian",1
"54362",113961,"col","Lilstock",-2.14,52.060001,"Strensham, Worcestershire",NA,"",34,"Rhaetian","",208.5,201.3,50041,"gp_mid",8.93,34.85,"315",1,204.9,"rhaetian",1
"54494",114131,"col","Sables de Mortinsart",5.616667,49.708332,"HLV-2, Habay-la-Vieille II",NA,"",8,"Rhaetian","",208.5,201.3,37036,"gp_mid",15.55,34.98,"315",1,204.9,"rhaetian",1
"54608",114267,"col","Gijon",-5.266667,43.483334,"Colunga, Asturias, Co-3/1",NA,"",1,"Rhaetian","",208.5,201.3,37082,"gp_mid",11.65,28.42,"304",1,204.9,"rhaetian",1
"54850",114562,"col","Gijon",-5.266667,43.483334,"Colunga, Asturias, Co-3/4",NA,"",1,"Rhaetian","",208.5,201.3,37082,"gp_mid",11.65,28.42,"304",1,204.9,"rhaetian",1
"54851",114563,"col","Gijon",-5.266667,43.483334,"Colunga, Asturias, Co-3/2",NA,"",2,"Rhaetian","",208.5,201.3,37082,"gp_mid",11.65,28.42,"304",1,204.9,"rhaetian",1
"54852",114564,"col","Gijon",-5.266667,43.483334,"Colunga, Asturias, Co-3/3",NA,"",3,"Rhaetian","",208.5,201.3,37082,"gp_mid",11.65,28.42,"304",1,204.9,"rhaetian",1
"54854",114566,"col","Gijon",-5.266667,43.483334,"Colunga, Asturias, Co-3/5",NA,"",1,"Rhaetian","",208.5,201.3,37082,"gp_mid",11.65,28.42,"304",1,204.9,"rhaetian",1
"54855",114567,"col","Gijon",-5.266667,43.483334,"Colunga, Asturias, Co-3/6",NA,"",1,"Rhaetian","",208.5,201.3,37082,"gp_mid",11.65,28.42,"304",1,204.9,"rhaetian",1
"54856",114568,"col","Gijon",-5.266667,43.483334,"Colunga, Asturias, Co-3/7",NA,"",1,"Rhaetian","",208.5,201.3,37082,"gp_mid",11.65,28.42,"304",1,204.9,"rhaetian",1
"54857",114569,"col","Gijon",-5.266667,43.483334,"Colunga, Asturias, Co-3/8",NA,"",2,"Rhaetian","",208.5,201.3,37082,"gp_mid",11.65,28.42,"304",1,204.9,"rhaetian",1
"54858",114570,"col","Gijon",-5.266667,43.483334,"Colunga, Asturias, Co-13/1",NA,"",3,"Rhaetian","",208.5,201.3,37082,"gp_mid",11.65,28.42,"304",1,204.9,"rhaetian",1
"54859",114571,"col","Gijon",-5.266667,43.483334,"Colunga, Asturias, Co-13/2",NA,"",3,"Rhaetian","",208.5,201.3,37082,"gp_mid",11.65,28.42,"304",1,204.9,"rhaetian",1
"54861",114573,"col","Gijon",-5.266667,43.483334,"Colunga, Asturias, Co-13/3",NA,"",1,"Rhaetian","",208.5,201.3,37082,"gp_mid",11.65,28.42,"304",1,204.9,"rhaetian",1
"54925",114677,"col","",-2.226,51.946999,"Hasfield",NA,"",10,"Rhaetian","",208.5,201.3,37152,"gp_mid",8.94,34.73,"315",1,204.9,"rhaetian",1
"54928",114680,"col","",-1.837,52.279999,"Morton Bagot",NA,"Moreton Bagot",3,"Rhaetian","",208.5,201.3,37152,"gp_mid",9.02,35.13,"315",1,204.9,"rhaetian",1
"55197",115220,"col","",-2.226,51.93,"Wainlode Cliff (Museum for Practical Geology coll)",NA,"",2,"Rhaetian","",208.5,201.3,49696,"gp_mid",8.94,34.71,"315",1,204.9,"rhaetian",1
"55199",115222,"col","",-2.216667,51.929443,"Wainlode Cliff (Brodie collection)",NA,"",19,"Rhaetian","",208.5,201.3,50041,"gp_mid",8.95,34.71,"315",1,204.9,"rhaetian",1
"55200",115223,"col","Lilstock",-2.211,51.992001,"Forthampton",NA,"",14,"Rhaetian","",208.5,201.3,50041,"gp_mid",8.92,34.77,"315",1,204.9,"rhaetian",1
"55215",115246,"col","Cotham",-2.629,51.602001,"Aust Cliff, Insect layer (Brodie collection)",NA,"",7,"Rhaetian","",208.5,201.3,50041,"gp_mid",8.84,34.31,"315",1,204.9,"rhaetian",1
"55362",115404,"col","Insect Bed",-2.083333,51.883331,"Cheltenham, Gloucestershire",NA,"",3,"Rhaetian","",208.5,201.3,37357,"gp_mid",9.07,34.71,"315",1,204.9,"rhaetian",1
"55461",115590,"col","Cotham",-2.629,51.602001,"Aust Cliff, Insect layer (BRSMG collection)",NA,"",2,"Rhaetian","",208.5,201.3,37380,"gp_mid",8.84,34.31,"315",1,204.9,"rhaetian",1
"56543",117340,"col","",-2.216667,51.929443,"Wainlode Cliff (Jarzembowski collection)",NA,"",2,"Rhaetian","",208.5,201.3,37738,"gp_mid",8.95,34.71,"315",1,204.9,"rhaetian",1
"56984",117829,"col","Marnes de Châlins",5.67,46.91,"GR4, Grozon, Jura Mountains",NA,"",2,"Rhaetian","",208.5,201.3,37798,"gp_mid",17.15,32.51,"305",1,204.9,"rhaetian",1
"59336",120897,"col","Westbury",-2.344,51.244999,"Hapsford Bridge, Vallis Vale",NA,"",15,"Rhaetian","",208.5,201.3,38607,"gp_mid",9.22,34.06,"315",1,204.9,"rhaetian",1
"59357",120928,"col","Westbury",-0.9,52.911999,"Barnstone railway cutting",NA,"",4,"Rhaetian","",208.5,201.3,43813,"gp_mid",9.3,35.95,"315",1,204.9,"rhaetian",1
"60357",122362,"col","Westbury",-2.63,51.599998,"Aust Cliff bone bed (Ord coll, Bristol)",NA,"",8,"Rhaetian","",208.5,201.3,24888,"gp_mid",8.84,34.3,"315",1,204.9,"rhaetian",1
"60358",122363,"col","Westbury",-2.63,51.599998,"Aust Cliff bone bed (Leicester Museum)",NA,"",3,"Rhaetian","",208.5,201.3,38111,"gp_mid",8.84,34.3,"315",1,204.9,"rhaetian",1
"60359",122364,"col","Westbury",-2.63,51.599998,"Aust Cliff bone bed (Mantell coll)",NA,"",3,"Rhaetian","",208.5,201.3,38893,"gp_mid",8.84,34.3,"315",1,204.9,"rhaetian",1
"60360",122365,"col","Westbury",-2.63,51.599998,"Aust Cliff bone bed (BMNH coll)",NA,"",18,"Rhaetian","",208.5,201.3,43798,"gp_mid",8.84,34.3,"315",1,204.9,"rhaetian",1
"60361",122366,"col","Westbury",-3.05,50.715,"Axmouth bone bed (Egerton coll)",NA,"",6,"Rhaetian","",208.5,201.3,38893,"gp_mid",9.01,33.39,"315",1,204.9,"rhaetian",1
"60362",122367,"col","Westbury",-3.05,50.715,"Axmouth bone bed (Enniskillen coll)",NA,"",3,"Rhaetian","",208.5,201.3,38893,"gp_mid",9.01,33.39,"315",1,204.9,"rhaetian",1
"60363",122368,"col","Westbury",-6.95,55.049999,"Newtown Limavady bone bed (Egerton coll)",NA,"",1,"Rhaetian","",208.5,201.3,38893,"gp_mid",4.19,36.33,"313",1,204.9,"rhaetian",1
"61531",124687,"col","",-2,52.125,"Cracombe, Warwickshire (Brodie coll)",NA,"Craycombe",2,"Rhaetian","",208.5,201.3,37729,"gp_mid",8.99,34.95,"315",1,204.9,"rhaetian",1
"61533",124689,"col","",-2,52,"English Lias ""insect beds"" (Brodie coll)",NA,"",2,"Rhaetian","",208.5,201.3,37729,"gp_mid",9.06,34.83,"315",1,204.9,"rhaetian",1
"62126",125728,"col","Bourake",166.025284,-22.027309,"AU 7180, Ile Ducos (NC/f120)",NA,"",3,"Rhaetian","",208.5,201.3,10835,"gp_mid",114.43,-54.48,"834",1,204.9,"rhaetian",1
"63529",128008,"col","",156.100006,61.700001,"Anmannykan River, Rhaetian, tributary of Viliga river",NA,"",11,"Rhaetian","",208.5,201.3,41832,"gp_mid",-118.85,69.8,"405",1,204.9,"rhaetian",1
"63606",128132,"col","",156.100006,61.700001,"Viliga River basin, Okhotsk",NA,"",1,"Rhaetian","",208.5,201.3,41832,"gp_mid",-118.85,69.8,"405",1,204.9,"rhaetian",1
"64935",130420,"col","",9.944,52.150002,"Kralah near Hildesheim",NA,"",3,"Rhaetian","",208.5,201.3,50645,"gp_mid",17.03,38.44,"315",1,204.9,"rhaetian",1
"65171",130665,"col","Kayabuku",40.666,40.380001,"98-UKT-9, Dikmetas measured section, Cataltepe Nappe",NA,"",16,"Rhaetian","",208.5,201.3,42261,"gp_mid",48.12,39.95,"511",1,204.9,"rhaetian",1
"65172",130666,"col","Kayabuku",40.666,40.380001,"98-UKT-10, Dikmetas measured section, Cataltepe Nappe",NA,"",15,"Rhaetian","",208.5,201.3,42261,"gp_mid",48.12,39.95,"511",1,204.9,"rhaetian",1
"65173",130667,"col","Kayabuku",40.666,40.380001,"98-UKT-12, Dikmetas measured section, Cataltepe Nappe",NA,"",24,"Rhaetian","",208.5,201.3,42261,"gp_mid",48.12,39.95,"511",1,204.9,"rhaetian",1
"65174",130668,"col","Kayabuku",40.666,40.380001,"98-UKT-13, Dikmetas measured section, Cataltepe Nappe",NA,"",29,"Rhaetian","",208.5,201.3,42261,"gp_mid",48.12,39.95,"511",1,204.9,"rhaetian",1
"65175",130669,"col","Kayabuku",40.666,40.380001,"98-UKT-14, Dikmetas measured section, Cataltepe Nappe",NA,"",26,"Rhaetian","",208.5,201.3,42261,"gp_mid",48.12,39.95,"511",1,204.9,"rhaetian",1
"65176",130670,"col","Kayabuku",40.666,40.380001,"98-UKT-15, Dikmetas measured section, Cataltepe Nappe",NA,"",15,"Rhaetian","",208.5,201.3,42261,"gp_mid",48.12,39.95,"511",1,204.9,"rhaetian",1
"65177",130671,"col","Kayabuku",40.666,40.380001,"98-UKT-16, Dikmetas measured section, Cataltepe Nappe",NA,"",25,"Rhaetian","",208.5,201.3,42261,"gp_mid",48.12,39.95,"511",1,204.9,"rhaetian",1
"65178",130672,"col","Kayabuku",40.666,40.380001,"98-UKT-476, Dikmetas measured section, Cataltepe Nappe",NA,"",28,"Rhaetian","",208.5,201.3,42261,"gp_mid",48.12,39.95,"511",1,204.9,"rhaetian",1
"65179",130673,"col","Kayabuku",40.666,40.380001,"98-UKT-17, Dikmetas measured section, Cataltepe Nappe",NA,"",37,"Rhaetian","",208.5,201.3,42261,"gp_mid",48.12,39.95,"511",1,204.9,"rhaetian",1
"65180",130674,"col","Kayabuku",40.666,40.380001,"98-UKT-18, Dikmetas measured section, Cataltepe Nappe",NA,"",26,"Rhaetian","",208.5,201.3,42261,"gp_mid",48.12,39.95,"511",1,204.9,"rhaetian",1
"65181",130675,"col","Kayabuku",40.666,40.380001,"98-UKT-19, Dikmetas measured section, Cataltepe Nappe",NA,"",21,"Rhaetian","",208.5,201.3,42261,"gp_mid",48.12,39.95,"511",1,204.9,"rhaetian",1
"65182",130676,"col","Kayabuku",40.666,40.380001,"98-UKT-20, Dikmetas measured section, Cataltepe Nappe",NA,"",17,"Rhaetian","",208.5,201.3,42261,"gp_mid",48.12,39.95,"511",1,204.9,"rhaetian",1
"65183",130677,"col","Kayabuku",40.666,40.380001,"98-UKT-21, Dikmetas measured section, Cataltepe Nappe",NA,"",14,"Rhaetian","",208.5,201.3,42261,"gp_mid",48.12,39.95,"511",1,204.9,"rhaetian",1
"65814",131507,"col","",-1.7623,51.681099,"Manor Farm Quarry, Gloucestershire",NA,"",1,"Rhaetian","",208.5,201.3,42437,"gp_mid",9.39,34.61,"315",1,204.9,"rhaetian",1
"65818",131511,"col","",-2.62,51.52,"Cribbs Causeway, Bristol",NA,"",2,"Rhaetian","",208.5,201.3,42437,"gp_mid",8.89,34.24,"315",1,204.9,"rhaetian",1
"65830",131523,"col","",-2.393,51.202999,"Holwell Quarry, Somerset (Uni. Oslo collection)",NA,"",1,"Rhaetian","",208.5,201.3,42437,"gp_mid",9.21,34.01,"315",1,204.9,"rhaetian",1
"65832",131525,"col","",5.61,49.720001,"Habay-la-Vieille",NA,"",1,"Rhaetian","",208.5,201.3,42437,"gp_mid",15.54,34.98,"315",1,204.9,"rhaetian",1
"66005",131728,"col","Westbury",-2.63,51.599998,"Aust Cliff bone bed (Enniskillen coll)",NA,"",7,"Rhaetian","",208.5,201.3,38893,"gp_mid",8.84,34.3,"315",1,204.9,"rhaetian",1
"66006",131729,"col","Westbury",-2.99,50.779999,"Axminster bone bed (BMNH fish coll.)",NA,"",2,"Rhaetian","",208.5,201.3,38893,"gp_mid",9.02,33.47,"315",1,204.9,"rhaetian",1
"66226",132046,"col","Paper Shales",-1.11,52.59,"Wigston, near Leicester (BMNH Coll.)",NA,"",1,"Rhaetian","",208.5,201.3,38893,"gp_mid",9.34,35.6,"315",1,204.9,"rhaetian",1
"66554",132551,"col","Leylek",31.048,37.887001,"Gökçehüyük (Banos) (Loc. No 3-4)",NA,"",6,"Rhaetian","",208.5,201.3,42701,"gp_mid",35.75,15.71,"504",1,204.9,"rhaetian",1
"66849",133036,"col","Westbury",-0.78,54.130001,"Norton",NA,"",3,"Rhaetian","",208.5,201.3,35209,"gp_mid",8.7,37.07,"315",1,204.9,"rhaetian",1
"67184",133763,"col","",166.043655,-22.03623,"GS 12718, Hugon (NC/f005)",NA,"HJC513",1,"Otapirian","",205.6,201.6,43142,"gp_mid",113.84,-54.15,"834",1,203.6,"rhaetian",1
"67185",133764,"col","",166.043655,-22.03623,"AU 7146, Hugon (NC/f005)",NA,"JAGM173",2,"Otapirian","",205.6,201.6,43142,"gp_mid",113.84,-54.15,"834",1,203.6,"rhaetian",1
"67186",133765,"col","",166.043655,-22.03623,"JDC 3578, Hugon (NC/f005B)",NA,"",1,"Otapirian","",205.6,201.6,43142,"gp_mid",113.84,-54.15,"834",1,203.6,"rhaetian",1
"67187",133766,"col","",166.043655,-22.03623,"JDC 3579, Hugon (NC/f005B)",NA,"",1,"Otapirian","",205.6,201.6,43142,"gp_mid",113.84,-54.15,"834",1,203.6,"rhaetian",1
"67189",133768,"col","",166.043381,-22.037861,"GS 12721, Hugon (NC/f008)",NA,"",1,"Otapirian","",205.6,201.6,43142,"gp_mid",113.84,-54.15,"834",1,203.6,"rhaetian",1
"67190",133769,"col","",166.043381,-22.037861,"GS 12987, Hugon (NC/f008)",NA,"",1,"Otapirian","",205.6,201.6,43142,"gp_mid",113.84,-54.15,"834",1,203.6,"rhaetian",1
"67191",133770,"col","",166.043381,-22.037861,"AU 7795, Hugon (NC/f008)",NA,"JAGM283",13,"Otapirian","",205.6,201.6,43142,"gp_mid",113.84,-54.15,"834",1,203.6,"rhaetian",1
"67193",133772,"col","",166.042892,-22.039221,"GS 12724, Hugon (NC/f011)",NA,"HJC545",1,"Otapirian","",205.6,201.6,43142,"gp_mid",113.84,-54.15,"834",1,203.6,"rhaetian",1
"67195",133774,"col","",166.023605,-21.99715,"JDC 3602, Ducos (NC/f018)",NA,"",1,"Otapirian","",205.6,201.6,43142,"gp_mid",113.88,-54.12,"834",1,203.6,"rhaetian",1
"67196",133775,"col","",166.023727,-21.998329,"GS 12733, Ducos (NC/f020)",NA,"HJC575",1,"Otapirian","",205.6,201.6,43142,"gp_mid",113.88,-54.12,"834",1,203.6,"rhaetian",1
"67197",133776,"col","",166.023727,-21.998329,"AU 7175, Ducos (NC/f020)",NA,"JAGM204",2,"Otapirian","",205.6,201.6,43142,"gp_mid",113.88,-54.12,"834",1,203.6,"rhaetian",1
"67198",133777,"col","",166.025955,-21.99976,"JDC 3603, Ducos (NC/f021)",NA,"",1,"Otapirian","",205.6,201.6,43142,"gp_mid",113.88,-54.12,"834",1,203.6,"rhaetian",1
"67199",133778,"col","",166.027512,-21.99984,"GS 12736, Ducos (NC/f023)",NA,"HJC578",1,"Otapirian","",205.6,201.6,43142,"gp_mid",113.88,-54.12,"834",1,203.6,"rhaetian",1
"67200",133779,"col","",166.027512,-21.99984,"AU 7179, Ducos (NC/f023)",NA,"JAGM209",1,"Otapirian","",205.6,201.6,43142,"gp_mid",113.88,-54.12,"834",1,203.6,"rhaetian",1
"67202",133782,"col","",166.046906,-22.01679,"JDC 3692, Ducos (NC/f082)",NA,"",1,"Otapirian","",205.6,201.6,43142,"gp_mid",113.87,-54.15,"834",1,203.6,"rhaetian",1
"67204",133784,"col","",166.025208,-22.02939,"AU 7168, Ducos (NC/f087)",NA,"JAGM197",14,"Otapirian","",205.6,201.6,43142,"gp_mid",113.84,-54.14,"834",1,203.6,"rhaetian",1
"67205",133785,"col","",166.043457,-22.035959,"GS 12972, Hugon (NC/f101)",NA,"HJC657",1,"Otapirian","",205.6,201.6,43142,"gp_mid",113.84,-54.15,"834",1,203.6,"rhaetian",1
"67206",133786,"col","",166.050934,-22.03718,"JDC 3584, Hugon (NC/f103)",NA,"",1,"Otapirian","",205.6,201.6,43142,"gp_mid",113.85,-54.16,"834",1,203.6,"rhaetian",1
"67207",133787,"col","",166.026733,-21.99984,"JDC 3604, Ducos (NC/f118)",NA,"",1,"Otapirian","",205.6,201.6,43142,"gp_mid",113.88,-54.12,"834",1,203.6,"rhaetian",1
"67246",133828,"col","",166.043655,-22.03578,"AU 7147, Hugon (NC/f503)",NA,"JAGM174",9,"Otapirian","",205.6,201.6,43142,"gp_mid",113.84,-54.15,"834",1,203.6,"rhaetian",1
"67247",133829,"col","",166.043579,-22.038309,"AU 7154, Hugon (NC/f509)",NA,"JAGM182",4,"Otapirian","",205.6,201.6,43142,"gp_mid",113.84,-54.15,"834",1,203.6,"rhaetian",1
"67248",133830,"col","",166.044525,-22.035681,"AU 7774, Ducos (NC/f519)",NA,"JAGM261",2,"Otapirian","",205.6,201.6,43142,"gp_mid",113.85,-54.15,"834",1,203.6,"rhaetian",1
"67250",133832,"col","",166.041794,-22.00643,"AU 7212, Ducos (NC/f558)",NA,"JAGM255",1,"Otapirian","",205.6,201.6,43142,"gp_mid",113.89,-54.14,"834",1,203.6,"rhaetian",1
"67257",133839,"col","",165.988815,-21.98065,"AU 10854, Lepredour (NC/f756)",NA,"",1,"Otapirian","",205.6,201.6,43142,"gp_mid",113.88,-54.08,"834",1,203.6,"rhaetian",1
"67258",133840,"col","",165.988815,-21.98065,"AU 10250, Lepredour (NC/f774)",NA,"",1,"Otapirian","",205.6,201.6,43142,"gp_mid",113.88,-54.08,"834",1,203.6,"rhaetian",1
"67260",133842,"col","",165.985916,-21.979771,"AU 10251, Lepredour (NC/f795)",NA,"",1,"Otapirian","",205.6,201.6,43142,"gp_mid",113.88,-54.08,"834",1,203.6,"rhaetian",1
"67347",133929,"col","",174.737335,-38.124908,"McF B9, south of Arataura Point (R15/f020)",NA,"",1,"Otapirian","",205.6,201.6,43142,"gp_mid",87.61,-66.63,"806",1,203.6,"rhaetian",1
"67348",133930,"col","",174.740616,-38.11945,"McF B14, south of Arataura Point (R15/f025)",NA,"",1,"Otapirian","",205.6,201.6,43142,"gp_mid",87.62,-66.63,"806",1,203.6,"rhaetian",1
"67349",133931,"col","",174.740646,-38.12035,"McF B15, south of Arataura Point (R15/f026)",NA,"",1,"Otapirian","",205.6,201.6,43142,"gp_mid",87.62,-66.63,"806",1,203.6,"rhaetian",1
"67383",133965,"col","",174.760849,-38.106419,"GS 1025, south of Arataura Point (R15/f8032)",NA,"",1,"Otapirian","",205.6,201.6,43142,"gp_mid",87.66,-66.65,"806",1,203.6,"rhaetian",1
"67386",133968,"col","",174.7388,-38.121929,"AU 1553, south of Arataura Point (R15/f8074)",NA,"",2,"Otapirian","",205.6,201.6,43142,"gp_mid",87.61,-66.63,"806",1,203.6,"rhaetian",1
"67398",133980,"col","",174.736694,-38.123569,"JDC 1156, south of Arataura Point (R15/f8577)",NA,"",1,"Otapirian","",205.6,201.6,43142,"gp_mid",87.61,-66.63,"806",1,203.6,"rhaetian",1
"67399",133981,"col","",174.737289,-38.123112,"JDC 1157, south of Arataura Point (R15/f8578)",NA,"",1,"Otapirian","",205.6,201.6,43142,"gp_mid",87.61,-66.63,"806",1,203.6,"rhaetian",1
"67400",133982,"col","",174.737747,-38.122742,"JDC 1159, south of Arataura Point (R15/f8580)",NA,"",1,"Otapirian","",205.6,201.6,43142,"gp_mid",87.61,-66.63,"806",1,203.6,"rhaetian",1
"67401",133983,"col","",174.737747,-38.122742,"GS 12306, south of Arataura Point (R15/f8580)",NA,"",1,"Otapirian","",205.6,201.6,43142,"gp_mid",87.61,-66.63,"806",1,203.6,"rhaetian",1
"67402",133984,"col","",174.7388,-38.121109,"JDC 1161, south of Arataura Point (R15/f8582)",NA,"",1,"Otapirian","",205.6,201.6,43142,"gp_mid",87.62,-66.63,"806",1,203.6,"rhaetian",1
"67403",133985,"col","",174.739838,-38.12027,"JDC 1163, south of Arataura Point (R15/f8584)",NA,"",1,"Otapirian","",205.6,201.6,43142,"gp_mid",87.62,-66.63,"806",1,203.6,"rhaetian",1
"67404",133986,"col","",174.739853,-38.120289,"GS 6754, south of Arataura Point (R15/f8585)",NA,"",1,"Otapirian","",205.6,201.6,43142,"gp_mid",87.62,-66.63,"806",1,203.6,"rhaetian",1
"67412",133995,"col","",174.742996,-38.118671,"GS 6753, Arataura Point (R15/f8685)",NA,"",2,"Otapirian","",205.6,201.6,43142,"gp_mid",87.62,-66.63,"806",1,203.6,"rhaetian",1
"67437",134020,"col","",174.742996,-38.119492,"AU 60, Arataura Point (R15/f8831)",NA,"",1,"Otapirian","",205.6,201.6,43142,"gp_mid",87.62,-66.63,"806",1,203.6,"rhaetian",1
"67438",134021,"col","",174.742981,-38.120312,"AU 61, south of Arataura Point (R15/f8832)",NA,"",1,"Otapirian","",205.6,201.6,43142,"gp_mid",87.62,-66.63,"806",1,203.6,"rhaetian",1
"67439",134022,"col","",174.742035,-38.11871,"AU 64, south of Arataura Point (R15/f8835)",NA,"",1,"Otapirian","",205.6,201.6,43142,"gp_mid",87.62,-66.63,"806",1,203.6,"rhaetian",1
"67440",134023,"col","",174.741409,-38.121132,"AU 69, south of Arataura Point (R15/f8837)",NA,"",1,"Otapirian","",205.6,201.6,43142,"gp_mid",87.62,-66.63,"806",1,203.6,"rhaetian",1
"67441",134024,"col","",174.740875,-38.12154,"AU 70, south of Arataura Point (R15/f8838)",NA,"",1,"Otapirian","",205.6,201.6,43142,"gp_mid",87.62,-66.63,"806",1,203.6,"rhaetian",1
"67442",134025,"col","",174.740875,-38.12154,"AU 71, south of Arataura Point (R15/f8838)",NA,"",1,"Otapirian","",205.6,201.6,43142,"gp_mid",87.62,-66.63,"806",1,203.6,"rhaetian",1
"67443",134026,"col","",174.740875,-38.12154,"AU 73, south of Arataura Point (R15/f8839)",NA,"",2,"Otapirian","",205.6,201.6,43142,"gp_mid",87.62,-66.63,"806",1,203.6,"rhaetian",1
"67444",134027,"col","",174.740356,-38.121941,"AU 78, south of Arataura Point (R15/f8841)",NA,"",1,"Otapirian","",205.6,201.6,43142,"gp_mid",87.62,-66.63,"806",1,203.6,"rhaetian",1
"67445",134028,"col","",174.740356,-38.121941,"AU 79, south of Arataura Point (R15/f8841)",NA,"",1,"Otapirian","",205.6,201.6,43142,"gp_mid",87.62,-66.63,"806",1,203.6,"rhaetian",1
"67446",134029,"col","",174.740356,-38.121941,"AU 80, south of Arataura Point (R15/f8843)",NA,"",1,"Otapirian","",205.6,201.6,43142,"gp_mid",87.62,-66.63,"806",1,203.6,"rhaetian",1
"67447",134030,"col","",174.739304,-38.123169,"AU 83, south of Arataura Point (R15/f8847)",NA,"",1,"Otapirian","",205.6,201.6,43142,"gp_mid",87.61,-66.63,"806",1,203.6,"rhaetian",1
"67448",134031,"col","",174.738785,-38.123169,"AU 67, south of Arataura Point (R15/f8848)",NA,"",1,"Otapirian","",205.6,201.6,43142,"gp_mid",87.61,-66.63,"806",1,203.6,"rhaetian",1
"67484",134081,"col","",174.740997,-38.122002,"AM 7953, south of Arataura Point",NA,"",1,"Otapirian","",205.6,201.6,43142,"gp_mid",87.62,-66.63,"806",1,203.6,"rhaetian",1
"67487",134084,"col","",174.712372,-38.31274,"GS 11771, Marokopa coast (R16/f002)",NA,"",1,"Otapirian","",205.6,201.6,43142,"gp_mid",87.13,-66.62,"806",1,203.6,"rhaetian",1
"67488",134085,"col","",174.711273,-38.31456,"GS 11773, Marokopa coast (R16/f004)",NA,"",1,"Otapirian","",205.6,201.6,43142,"gp_mid",87.13,-66.62,"806",1,203.6,"rhaetian",1
"67495",134092,"col","",174.709045,-38.317299,"McF A5, Marokopa Coast (R16/f043)",NA,"",1,"Otapirian","",205.6,201.6,43142,"gp_mid",87.12,-66.62,"806",1,203.6,"rhaetian",1
"67496",134093,"col","",174.709045,-38.317299,"McF F23, Marokopa Coast (R16/f043)",NA,"",1,"Otapirian","",205.6,201.6,43142,"gp_mid",87.12,-66.62,"806",1,203.6,"rhaetian",1
"67498",134095,"col","",174.710144,-38.315479,"McF A18, south of Marokopa (R16/f049)",NA,"",1,"Otapirian","",205.6,201.6,43142,"gp_mid",87.12,-66.62,"806",1,203.6,"rhaetian",1
"67499",134096,"col","",174.710144,-38.315479,"McF A19, south of Marokopa (R16/f050)",NA,"",1,"Otapirian","",205.6,201.6,43142,"gp_mid",87.12,-66.62,"806",1,203.6,"rhaetian",1
"67500",134097,"col","",174.714874,-38.31041,"McF A17, south of Marokopa (R16/f051)",NA,"",1,"Otapirian","",205.6,201.6,43142,"gp_mid",87.14,-66.63,"806",1,203.6,"rhaetian",1
"67502",134099,"col","",174.712357,-38.31184,"GS 12588, south of Marokopa (R16/f054)",NA,"",1,"Otapirian","",205.6,201.6,43142,"gp_mid",87.13,-66.62,"806",1,203.6,"rhaetian",1
"67503",134100,"col","",174.712357,-38.31184,"GS 12590, south of Marokopa (R16/f058)",NA,"",1,"Otapirian","",205.6,201.6,43142,"gp_mid",87.13,-66.62,"806",1,203.6,"rhaetian",1
"67509",134106,"col","",174.717316,-38.327091,"McF F11, Kiritehere (R16/f098)",NA,"",1,"Otapirian","",205.6,201.6,43142,"gp_mid",87.1,-66.63,"806",1,203.6,"rhaetian",1
"67517",134128,"col","",174.712296,-38.26408,"AU 9475, north of Tauhua Stream (R16/f144)",NA,"",1,"Otapirian","",205.6,201.6,43142,"gp_mid",87.25,-66.62,"806",1,203.6,"rhaetian",1
"67518",134129,"col","",174.713486,-38.265869,"AU 9471, Tauhua Beach (R16/f146)",NA,"",1,"Otapirian","",205.6,201.6,43142,"gp_mid",87.25,-66.62,"806",1,203.6,"rhaetian",1
"67519",134130,"col","",174.713699,-38.264999,"AU 9474, north of Tauhua Stream (R16/f147)",NA,"",2,"Otapirian","",205.6,201.6,43142,"gp_mid",87.25,-66.62,"806",1,203.6,"rhaetian",1
"67522",134133,"col","",174.711014,-38.212742,"AU 8362, Parahaki Peninsula (R16/f155)",NA,"",1,"Otapirian","",205.6,201.6,43142,"gp_mid",87.38,-66.62,"806",1,203.6,"rhaetian",1
"67523",134134,"col","",174.712021,-38.20731,"AU 8361, Parahaki Peninsula (R16/f157)",NA,"",1,"Otapirian","",205.6,201.6,43142,"gp_mid",87.4,-66.62,"806",1,203.6,"rhaetian",1
"67538",134149,"col","",174.713913,-38.253979,"GS 10007, north of Tauhua Stream (R16/f6896)",NA,"",1,"Otapirian","",205.6,201.6,43142,"gp_mid",87.28,-66.62,"806",1,203.6,"rhaetian",1
"67539",134150,"col","",174.712646,-38.2272,"GS 10009, Anaputa Bay (R16/f6898)",NA,"",1,"Otapirian","",205.6,201.6,43142,"gp_mid",87.35,-66.62,"806",1,203.6,"rhaetian",1
"67540",134151,"col","",174.713318,-38.212791,"GS 10010, Parahaki Head (R16/f6899)",NA,"",1,"Otapirian","",205.6,201.6,43142,"gp_mid",87.38,-66.62,"806",1,203.6,"rhaetian",1
"67541",134152,"col","",174.712418,-38.247791,"GS 10039, north of Tauhua Stream (R16/f6901)",NA,"B.E.T. 14",1,"Otapirian","",205.6,201.6,43142,"gp_mid",87.29,-66.62,"806",1,203.6,"rhaetian",1
"67542",134153,"col","",174.711426,-38.24202,"GS 10040, north of Tauhua Stream (R16/f6902)",NA,"B.E.T. 11",1,"Otapirian","",205.6,201.6,43142,"gp_mid",87.31,-66.62,"806",1,203.6,"rhaetian",1
"67543",134154,"col","",174.710434,-38.237068,"GS 10041, north of Tauhua Stream (R16/f6903)",NA,"B.E.T. 10",2,"Otapirian","",205.6,201.6,43142,"gp_mid",87.32,-66.62,"806",1,203.6,"rhaetian",1
"67545",134156,"col","",174.713882,-38.207439,"GS 10044, North Parahaki Head (R16/f6906)",NA,"B.E.T. 7",1,"Otapirian","",205.6,201.6,43142,"gp_mid",87.4,-66.62,"806",1,203.6,"rhaetian",1
"67546",134157,"col","",174.711884,-38.20084,"GS 10045, Tokapae (R16/f6907)",NA,"B.E.T. 1",2,"Otapirian","",205.6,201.6,43142,"gp_mid",87.41,-66.62,"806",1,203.6,"rhaetian",1
"67548",134159,"col","",174.711807,-38.208248,"GS 10047, Parahaki Head (R16/f6909)",NA,"",2,"Otapirian","",205.6,201.6,43142,"gp_mid",87.39,-66.62,"806",1,203.6,"rhaetian",1
"67550",134161,"col","",174.712646,-38.2272,"GS 10534, Harihari Head (R16/f6919)",NA,"",1,"Otapirian","",205.6,201.6,43142,"gp_mid",87.35,-66.62,"806",1,203.6,"rhaetian",1
"67553",134166,"col","",174.713165,-38.226379,"JDC 2782, north of Marokopa (R16/f6985)",NA,"",1,"Otapirian","",205.6,201.6,43142,"gp_mid",87.35,-66.62,"806",1,203.6,"rhaetian",1
"67555",134168,"col","",174.708603,-38.3284,"AU 6455, Kiritehere Beach (R16/f8010)",NA,"",2,"Otapirian","",205.6,201.6,43142,"gp_mid",87.09,-66.62,"806",1,203.6,"rhaetian",1
"67566",134179,"col","",174.706345,-38.326012,"JDC 1118, south of Kiritehere (R16/f8531)",NA,"",1,"Otapirian","",205.6,201.6,43142,"gp_mid",87.1,-66.62,"806",1,203.6,"rhaetian",1
"67571",134184,"col","",174.712997,-38.310478,"GS 9993, south of Marokopa (R16/f8638)",NA,"",1,"Otapirian","",205.6,201.6,43142,"gp_mid",87.14,-66.62,"806",1,203.6,"rhaetian",1
"67572",134185,"col","",174.713547,-38.30801,"GS 9994, south of Marokopa (R16/f8639)",NA,"",1,"Otapirian","",205.6,201.6,43142,"gp_mid",87.14,-66.62,"806",1,203.6,"rhaetian",1
"67573",134186,"col","",174.713974,-38.307522,"GS 10001, Marokopa River mouth (R16/f8640)",NA,"",2,"Otapirian","",205.6,201.6,43142,"gp_mid",87.14,-66.62,"806",1,203.6,"rhaetian",1
"67574",134187,"col","",174.714905,-38.307861,"GS 10002, Marokopa River mouth (R16/f8641)",NA,"",1,"Otapirian","",205.6,201.6,43142,"gp_mid",87.14,-66.63,"806",1,203.6,"rhaetian",1
"67578",134191,"col","",174.712234,-38.265091,"GS 10006, north of Tauhua Stream (R16/f8645)",NA,"",1,"Otapirian","",205.6,201.6,43142,"gp_mid",87.25,-66.62,"806",1,203.6,"rhaetian",1
"67581",134194,"col","",174.71225,-38.263439,"GS 10037, north of Tauhua Stream (R16/f8650)",NA,"B.E.T. 21",1,"Otapirian","",205.6,201.6,43142,"gp_mid",87.26,-66.62,"806",1,203.6,"rhaetian",1
"67582",134195,"col","",174.708511,-38.318611,"GS 10542, south of Marokopa (R16/f8693)",NA,"",1,"Otapirian","",205.6,201.6,43142,"gp_mid",87.12,-66.62,"806",1,203.6,"rhaetian",1
"67583",134196,"col","",174.712784,-38.310398,"JDC 1812, south of Marokopa (R16/f8774)",NA,"",1,"Otapirian","",205.6,201.6,43142,"gp_mid",87.14,-66.62,"806",1,203.6,"rhaetian",1
"67584",134197,"col","",174.711304,-38.31546,"JDC 2783, south of Marokopa (R16/f8777)",NA,"",2,"Otapirian","",205.6,201.6,43142,"gp_mid",87.12,-66.62,"806",1,203.6,"rhaetian",1
"67585",134198,"col","",174.711304,-38.31546,"McF F15, south of Marokopa (R16/f8777)",NA,"",1,"Otapirian","",205.6,201.6,43142,"gp_mid",87.12,-66.62,"806",1,203.6,"rhaetian",1
"67586",134199,"col","",174.711151,-38.316151,"JDC 2786, south of Marokopa (R16/f8779)",NA,"",1,"Otapirian","",205.6,201.6,43142,"gp_mid",87.12,-66.62,"806",1,203.6,"rhaetian",1
"67587",134200,"col","",174.711685,-38.316158,"JDC 2788, south of Marokopa (R16/f8780)",NA,"",1,"Otapirian","",205.6,201.6,43142,"gp_mid",87.12,-66.62,"806",1,203.6,"rhaetian",1
"67599",134212,"col","Ngu\",174.709793,-38.316849,"AU 4206, south of Marokopa (R16/f8820)",NA,"",4,"Otapirian","",205.6,201.6,43142,"gp_mid",87.12,-66.62,"806",1,203.6,"rhaetian",1
"67600",134213,"col","",174.709564,-38.318611,"AU 4431, south of Marokopa (R16/f8820)",NA,"",1,"Otapirian","",205.6,201.6,43142,"gp_mid",87.12,-66.62,"806",1,203.6,"rhaetian",1
"67602",134215,"col","",174.713898,-38.317699,"AU 4210, south of Marokopa (R16/f8825)",NA,"",2,"Otapirian","",205.6,201.6,43142,"gp_mid",87.12,-66.63,"806",1,203.6,"rhaetian",1
"67603",134216,"col","",174.728409,-38.315441,"AU 4212, Marokopa-Kiritehere Road (R16/f8827)",NA,"",1,"Otapirian","",205.6,201.6,43142,"gp_mid",87.13,-66.64,"806",1,203.6,"rhaetian",1
"67607",134220,"col","",174.727386,-38.31461,"AU 4399, Marokopa-Kiritehere Road (R16/f8857)",NA,"",1,"Otapirian","",205.6,201.6,43142,"gp_mid",87.13,-66.64,"806",1,203.6,"rhaetian",1
"67608",134221,"col","",174.728409,-38.315441,"AU 4241, Marokopa-Kiritehere Road (R16/f8858)",NA,"",1,"Otapirian","",205.6,201.6,43142,"gp_mid",87.13,-66.64,"806",1,203.6,"rhaetian",1
"67609",134222,"col","",174.750107,-38.362411,"AU 4259, Pomarangai Road (R16/f8877)",NA,"",1,"Otapirian","",205.6,201.6,43142,"gp_mid",87.01,-66.66,"806",1,203.6,"rhaetian",1
"67610",134223,"col","",174.758698,-38.318932,"AU 4263, Kiritehere (R16/f8881)",NA,"",1,"Otapirian","",205.6,201.6,43142,"gp_mid",87.12,-66.66,"806",1,203.6,"rhaetian",1
"67614",134227,"col","",174.741974,-38.318829,"AU 4271, Kiritehere Valley (R16/f8889)",NA,"",1,"Otapirian","",205.6,201.6,43142,"gp_mid",87.12,-66.65,"806",1,203.6,"rhaetian",1
"67617",134230,"col","",174.74382,-38.3419,"AU 4297, Kiritehere Valley (R16/f8916)",NA,"",1,"Otapirian","",205.6,201.6,43142,"gp_mid",87.06,-66.65,"806",1,203.6,"rhaetian",1
"67618",134231,"col","",174.744766,-38.351791,"AU 4300, Kiritehere Valley (R16/f8919)",NA,"",1,"Otapirian","",205.6,201.6,43142,"gp_mid",87.04,-66.65,"806",1,203.6,"rhaetian",1
"67619",134232,"col","",174.744766,-38.351791,"AU 4302, Kiritehere Valley (R16/f8921)",NA,"",1,"Otapirian","",205.6,201.6,43142,"gp_mid",87.04,-66.65,"806",1,203.6,"rhaetian",1
"67620",134233,"col","",174.711685,-38.31451,"AU 4306, south of Marokopa (R16/f8925)",NA,"",1,"Otapirian","",205.6,201.6,43142,"gp_mid",87.13,-66.62,"806",1,203.6,"rhaetian",1
"67621",134234,"col","",174.709564,-38.318611,"AU 4307, south of Marokopa (R16/f8926)",NA,"",1,"Otapirian","",205.6,201.6,43142,"gp_mid",87.12,-66.62,"806",1,203.6,"rhaetian",1
"67622",134235,"col","",174.709564,-38.318611,"McF A4, south of Marokopa (R16/f8926)",NA,"",1,"Otapirian","",205.6,201.6,43142,"gp_mid",87.12,-66.62,"806",1,203.6,"rhaetian",1
"67625",134238,"col","",174.750931,-38.362541,"AU 4313, Moeatoa (R16/f8932)",NA,"",1,"Otapirian","",205.6,201.6,43142,"gp_mid",87.01,-66.66,"806",1,203.6,"rhaetian",1
"67628",134241,"col","",174.714874,-38.31041,"AU 4386, south of Marokopa (R16/f9006)",NA,"",1,"Otapirian","",205.6,201.6,43142,"gp_mid",87.14,-66.63,"806",1,203.6,"rhaetian",1
"67631",134260,"col","",174.693848,-38.673489,"GS 12583, Awakino Gorge (R17/f067)",NA,"",1,"Otapirian","",205.6,201.6,43142,"gp_mid",86.22,-66.63,"806",1,203.6,"rhaetian",1
"67725",134371,"col","",174.69606,-38.669849,"AU 342, Awakino Gorge (R17/f422)",NA,"",1,"Otapirian","",205.6,201.6,43142,"gp_mid",86.23,-66.63,"806",1,203.6,"rhaetian",1
"67726",134372,"col","",174.946747,-38.5522,"AU 566, Mokau River (R17/f482)",NA,"",1,"Otapirian","",205.6,201.6,43142,"gp_mid",86.56,-66.82,"806",1,203.6,"rhaetian",1
"67741",134388,"col","",174.703995,-38.6357,"AU 317, Taumatamaire Road (R17/f8560)",NA,"",1,"Otapirian","",205.6,201.6,43142,"gp_mid",86.32,-66.64,"806",1,203.6,"rhaetian",1
"67752",134399,"col","Ngutunui",174.693298,-38.670921,"AU 341, Awakino Gorge (R17/f8574)",NA,"",4,"Otapirian","",205.6,201.6,43142,"gp_mid",86.23,-66.63,"806",1,203.6,"rhaetian",1
"67753",134400,"col","Ngutunui",174.693298,-38.670898,"AU 7857, Awakino Gorge (R17/f8574)",NA,"",2,"Otapirian","",205.6,201.6,43142,"gp_mid",86.23,-66.63,"806",1,203.6,"rhaetian",1
"67763",134410,"col","",174.69725,-38.67519,"GS 914, Awakino Gorge (R18/f6038)",NA,"",1,"Otapirian","",205.6,201.6,43142,"gp_mid",86.22,-66.63,"806",1,203.6,"rhaetian",1
"67765",134412,"col","",174.694107,-38.674351,"AU 386, Awakino Gorge (R18/f6562)",NA,"",2,"Otapirian","",205.6,201.6,43142,"gp_mid",86.22,-66.63,"806",1,203.6,"rhaetian",1
"67766",134413,"col","",174.694107,-38.674351,"JDC 1091, Awakino Gorge (R18/f6562)",NA,"",1,"Otapirian","",205.6,201.6,43142,"gp_mid",86.22,-66.63,"806",1,203.6,"rhaetian",1
"67767",134414,"col","",174.694107,-38.674351,"JDC 2724, Awakino Gorge (R18/f6562)",NA,"",2,"Otapirian","",205.6,201.6,43142,"gp_mid",86.22,-66.63,"806",1,203.6,"rhaetian",1
"67768",134415,"col","",174.673065,-38.67585,"AU 327, Awakino Gorge (R18/f6563)",NA,"",1,"Otapirian","",205.6,201.6,43142,"gp_mid",86.21,-66.62,"806",1,203.6,"rhaetian",1
"67769",134416,"col","",174.682541,-38.675091,"AU 335, Awakino River (R18/f6569)",NA,"",1,"Otapirian","",205.6,201.6,43142,"gp_mid",86.22,-66.62,"806",1,203.6,"rhaetian",1
"67770",134417,"col","Ngutunui",174.686905,-38.674198,"AU 339, Awakino River (R18/f6573)",NA,"",2,"Otapirian","",205.6,201.6,43142,"gp_mid",86.22,-66.63,"806",1,203.6,"rhaetian",1
"67771",134418,"col","",174.690002,-38.674999,"GS 7587, Awakino Gorge (R18/f6612)",NA,"",1,"Otapirian","",205.6,201.6,43142,"gp_mid",86.22,-66.63,"806",1,203.6,"rhaetian",1
"67772",134419,"col","",175.05867,-37.815479,"AU 463, Maungaokahu Stream (S14/f8610)",NA,"",1,"Otapirian","",205.6,201.6,43142,"gp_mid",88.44,-66.86,"806",1,203.6,"rhaetian",1
"67773",134421,"col","",175.067795,-37.852581,"AU 467, Unungaroha Stream (S14/f8614)",NA,"",1,"Otapirian","",205.6,201.6,43142,"gp_mid",88.35,-66.87,"806",1,203.6,"rhaetian",1
"67796",134444,"col","",172.988037,-41.492249,"GS 196, 88 Valley (N28/f7454)",NA,"",2,"Otapirian","",205.6,201.6,43142,"gp_mid",79.26,-65.35,"806",1,203.6,"rhaetian",1
"67797",134445,"col","",172.988037,-41.492249,"GS 197, 88 Valley (N28/f7455)",NA,"",2,"Otapirian","",205.6,201.6,43142,"gp_mid",79.26,-65.35,"806",1,203.6,"rhaetian",1
"67809",134467,"col","",172.993362,-41.48642,"GS 4551, Ram Stream (N28/f7514)",NA,"",1,"Otapirian","",205.6,201.6,43142,"gp_mid",79.27,-65.36,"806",1,203.6,"rhaetian",1
"67810",134468,"col","",172.990082,-41.486462,"GS 4555, Ram Stream (N28/f7518)",NA,"",1,"Otapirian","",205.6,201.6,43142,"gp_mid",79.27,-65.35,"806",1,203.6,"rhaetian",1
"67812",134470,"col","",172.985825,-41.491451,"GS 4594, Ram Stream (N28/f7531)",NA,"",1,"Otapirian","",205.6,201.6,43142,"gp_mid",79.26,-65.35,"806",1,203.6,"rhaetian",1
"67820",134478,"col","",172.990082,-41.486462,"JDC 792, Ram Creek (N28/f7584)",NA,"",2,"Otapirian","",205.6,201.6,43142,"gp_mid",79.27,-65.35,"806",1,203.6,"rhaetian",1
"68922",135946,"col","Tyaughton",-122.974998,51.07,"7500 feet north of Tyaughton creek",NA,"",3,"Rhaetian","",208.5,201.3,43487,"gp_mid",-53.65,21.94,"127",1,204.9,"rhaetian",1
"68923",135947,"col","Tyaughton",-123.010002,51.084999,"Last Creek, Taseko Lakes area",NA,"",1,"Rhaetian","",208.5,201.3,43487,"gp_mid",-53.68,21.94,"127",1,204.9,"rhaetian",1
"68924",135948,"col","Tyaughton",-122.964996,51.005001,"Ridge east of south end of Spruce Lake",NA,"",2,"Rhaetian","",208.5,201.3,43487,"gp_mid",-53.61,21.89,"127",1,204.9,"rhaetian",1
"68925",135949,"col","Tyaughton",-122.970001,51.049999,"Tyaughton creek valley",NA,"",1,"Rhaetian","",208.5,201.3,43487,"gp_mid",-53.63,21.92,"127",1,204.9,"rhaetian",1
"68926",135950,"col","Tyaughton",-122.949997,51.080002,"Northeast of Tyaughton Creek at the mouth of Small Creek",NA,"",1,"Rhaetian","",208.5,201.3,43487,"gp_mid",-53.64,21.96,"127",1,204.9,"rhaetian",1
"68927",135951,"col","Tyaughton",-122.949997,51.080002,"Ridge at the head of Grizzly Creek",NA,"",2,"Rhaetian","",208.5,201.3,43487,"gp_mid",-53.64,21.96,"127",1,204.9,"rhaetian",1
"68929",135953,"col","Tyaughton",-122.964996,51.044998,"Tyaughton Creek, 0.75 miles above Spruce Lake Creek",NA,"",3,"Rhaetian","",208.5,201.3,43487,"gp_mid",-53.63,21.92,"127",1,204.9,"rhaetian",1
"68930",135954,"col","Tyaughton",-122.964996,51.044998,"1100 feet north of Tyaughton Creek at mouth of Camp Creek",NA,"",2,"Rhaetian","",208.5,201.3,43487,"gp_mid",-53.63,21.92,"127",1,204.9,"rhaetian",1
"68931",135955,"col","Tyaughton",-122.945,51.044998,"Mouth of Spruce Lake creek",NA,"",1,"Rhaetian","",208.5,201.3,43487,"gp_mid",-53.62,21.93,"127",1,204.9,"rhaetian",1
"68932",135956,"col","Tyaughton",-122.949997,51.075001,"Castle Creek, 6300 feet elevation",NA,"",1,"Rhaetian","",208.5,201.3,43487,"gp_mid",-53.63,21.95,"127",1,204.9,"rhaetian",1
"69380",136912,"col","",-1.64,51.810001,"Byrford, Gloucestershire",NA,"Burford",1,"Rhaetian","",208.5,201.3,23773,"gp_mid",9.4,34.76,"315",1,204.9,"rhaetian",1
"69382",136915,"col","",-2.49,51.599998,"Wickwar, South Gloucestershire",NA,"",1,"Rhaetian","",208.5,201.3,23773,"gp_mid",8.94,34.34,"315",1,204.9,"rhaetian",1
"69497",137062,"col","Tyaughton",-122.964996,51.044998,"GSC 10095, Spruce Lake Creek",NA,"",1,"Rhaetian","",208.5,201.3,46258,"gp_mid",-53.63,21.92,"127",1,204.9,"rhaetian",1
"69498",137063,"col","Tyaughton",-122.945,51.044998,"GSC 10141, Tyaughton Creek",NA,"",1,"Rhaetian","",208.5,201.3,11541,"gp_mid",-53.62,21.93,"127",1,204.9,"rhaetian",1
"69526",137091,"col","Tyaughton",-122.964996,51.049999,"GSC 13338, Tyaughton Creek",NA,"",1,"Rhaetian","",208.5,201.3,11541,"gp_mid",-53.63,21.93,"127",1,204.9,"rhaetian",1
"69670",137318,"col","Westbury",-0.776,53.401001,"Gainsborough, Lea Railway Cutting",NA,"",1,"Rhaetian","",208.5,201.3,45976,"gp_mid",9.11,36.42,"315",1,204.9,"rhaetian",1
"69803",137476,"col","",173.144638,-41.38485,"GS 12845, Aniseed Hill, Nelson (N27/f27)",NA,"",1,"Otapirian","",205.6,201.6,43989,"gp_mid",79.51,-65.47,"806",1,203.6,"rhaetian",1
"69804",137477,"col","",173.047836,-41.441662,"GS 12562, Church Valley Road, Nelson (N28/f81)",NA,"",1,"Otapirian","",205.6,201.6,43989,"gp_mid",79.38,-65.4,"806",1,203.6,"rhaetian",1
"69816",137489,"col","",173.125931,-41.40229,"GS 437, Mount Heslington, Nelson (N28/f7471)",NA,"",2,"Otapirian","",205.6,201.6,44089,"gp_mid",79.47,-65.46,"806",1,203.6,"rhaetian",1
"69911",137658,"col","",6.78,51.966049,"Winterswijk Quarry subrosion pipe",NA,"",37,"Rhaetian","",208.5,201.3,44024,"gp_mid",15.01,37.31,"315",1,204.9,"rhaetian",1
"69912",137659,"col","",-3.3,57.66,"Linksfield, Elgin (BMNH)",NA,"",2,"Rhaetian","",208.5,201.3,43905,"gp_mid",5.04,39.56,"313",1,204.9,"rhaetian",1
"69913",137660,"col","",6.7825,51.9678,"Winterswijk Quarry IV shales",NA,"",8,"Rhaetian","",208.5,201.3,44024,"gp_mid",15.01,37.31,"315",1,204.9,"rhaetian",1
"69914",137661,"col","",-2.24,51.490002,"Garden Cliff, Westbury-on-Severn (BMNH)",NA,"",1,"Rhaetian","",208.5,201.3,43905,"gp_mid",9.17,34.31,"315",1,204.9,"rhaetian",1
"69946",137693,"col","",-2.32,51.23,"Holwell, near Frome, Somerset (BMNH)",NA,"",3,"Rhaetian","",208.5,201.3,43905,"gp_mid",9.25,34.05,"315",1,204.9,"rhaetian",1
"70064",137867,"col","",173.391434,-41.268131,"GS 11829, Packers Creek (O27/f4)",NA,"",3,"Otapirian","",205.6,201.6,44100,"gp_mid",79.77,-65.66,"806",1,203.6,"rhaetian",1
"70144",137962,"col","",-122.964996,51.046001,"GSC 56395, Tyaughton Creek",NA,"",1,"Rhaetian","",208.5,201.3,46258,"gp_mid",-53.63,21.92,"127",1,204.9,"rhaetian",1
"70145",137963,"col","",-122.984001,51.09,"GSC 56405, Castle Peak",NA,"",1,"Rhaetian","",208.5,201.3,11541,"gp_mid",-53.66,21.96,"127",1,204.9,"rhaetian",1
"70147",137965,"col","",-123.008331,51.08889,"GSC 56414, Last Creek",NA,"",1,"Rhaetian","",208.5,201.3,11541,"gp_mid",-53.68,21.95,"127",1,204.9,"rhaetian",1
"70148",137966,"col","",-123.008331,51.08889,"GSC 56415, Last Creek",NA,"",1,"Rhaetian","",208.5,201.3,11541,"gp_mid",-53.68,21.95,"127",1,204.9,"rhaetian",1
"70149",137967,"col","",-122.966667,51.033333,"GSC 62392, Spruce Lake",NA,"",1,"Rhaetian","",208.5,201.3,11541,"gp_mid",-53.62,21.91,"127",1,204.9,"rhaetian",1
"71053",139198,"col","Sables de Mortinsart",5.616667,49.708332,"HLV-5, Habay-la-Vieille V",NA,"",16,"Rhaetian","",208.5,201.3,44712,"gp_mid",15.55,34.98,"315",1,204.9,"rhaetian",1
"71054",139199,"col","Gres de Mortinsart",5.662348,49.697243,"S-1, La Sagnette",NA,"",18,"Rhaetian","",208.5,201.3,44712,"gp_mid",15.59,34.98,"315",1,204.9,"rhaetian",1
"71057",139202,"col","Gres de Mortinsart",5.662348,49.697243,"S-3, La Sagnette",NA,"",20,"Rhaetian","",208.5,201.3,44712,"gp_mid",15.59,34.98,"315",1,204.9,"rhaetian",1
"71059",139204,"col","Gres de Mortinsart",5.686589,49.696095,"UDK, Unter der Kirchen",NA,"Hachy",15,"Rhaetian","",208.5,201.3,44712,"gp_mid",15.61,34.99,"315",1,204.9,"rhaetian",1
"71260",139489,"col","Trossingen",11.073611,51.897499,"Baerecke-Limpricht clay pit, Halberstadt (bed 27)",NA,"",3,"Rhaetian","",208.5,201.3,44850,"gp_mid",17.95,38.58,"315",1,204.9,"rhaetian",1
"71340",139595,"col","Lilstock",-2.145,52.055,"Strensham, Worcestershire (Museum of Practical Geology coll)",NA,"",1,"Rhaetian","",208.5,201.3,37201,"gp_mid",8.93,34.84,"315",1,204.9,"rhaetian",1
"72469",141370,"col","Westbury",-2.63,51.599998,"Aust Cliff bone bed",NA,"",1,"Rhaetian","",208.5,201.3,45976,"gp_mid",8.84,34.3,"315",1,204.9,"rhaetian",1
"72470",141371,"col","Westbury",-2.99,50.779999,"Axminster bone bed (IGS fish coll.)",NA,"",1,"Rhaetian","",208.5,201.3,45976,"gp_mid",9.02,33.47,"315",1,204.9,"rhaetian",1
"72471",141372,"col","Westbury",-1.1496,52.751202,"Barrow-Upon-Soar, Rhaetian bone bed",NA,"Barrow Upon Soar",1,"Rhaetian","",208.5,201.3,45976,"gp_mid",9.23,35.74,"315",1,204.9,"rhaetian",1
"72472",141373,"col","Westbury",-3.444,51.207001,"Blue Anchor Bay, Rhaetian bone bed",NA,"",1,"Rhaetian","",208.5,201.3,45976,"gp_mid",8.49,33.73,"315",1,204.9,"rhaetian",1
"72627",141540,"col","Lilstock",-3.275,51.181,"St. Audries Bay, Lilstock Formation",NA,"",1,"Rhaetian","",208.5,201.3,46012,"gp_mid",8.62,33.75,"315",1,204.9,"rhaetian",1
"72694",141657,"col","Stuhini",-130.104996,57.82,"GSC 95027, Klastline River",NA,"",2,"Rhaetian","",208.5,201.3,11541,"gp_mid",-61.01,26.11,"127",1,204.9,"rhaetian",1
"73050",142083,"col","Dolomías tableadas de Imón",-2.531389,40.922779,"Bivalve assemblage, Renales section",NA,"",8,"Rhaetian","",208.5,201.3,46307,"gp_mid",13.23,25.48,"304",1,204.9,"rhaetian",1
"74672",144758,"col","",4.409803,46.903538,"Antully bonebed, Autun",NA,"",7,"Rhaetian","",208.5,201.3,46686,"gp_mid",16.24,32.12,"305",1,204.9,"rhaetian",1
"74673",144759,"col","",4.393833,46.923344,"La Coudre, Autun",NA,"",4,"Rhaetian","",208.5,201.3,46686,"gp_mid",16.22,32.13,"305",1,204.9,"rhaetian",1
"77943",149370,"col","",5.555,46.759998,"Saint-Germain-lès-Arlay, level A",NA,"",1,"Rhaetian","",208.5,201.3,47811,"gp_mid",17.15,32.34,"305",1,204.9,"rhaetian",1
"77944",149371,"col","",5.555,46.759998,"Saint-Germain-lès-Arlay, level B1",NA,"",10,"Rhaetian","",208.5,201.3,47811,"gp_mid",17.15,32.34,"305",1,204.9,"rhaetian",1
"77945",149372,"col","",5.555,46.759998,"Saint-Germain-lès-Arlay, level B3",NA,"",7,"Rhaetian","",208.5,201.3,47811,"gp_mid",17.15,32.34,"305",1,204.9,"rhaetian",1
"77950",149394,"col","",5.59,46.715,"Lavigny, bed 16",NA,"",1,"Rhaetian","",208.5,201.3,30573,"gp_mid",17.2,32.31,"305",1,204.9,"rhaetian",1
"77951",149395,"col","",5.895,46.91,"Boisset, bed 2",NA,"",3,"Rhaetian","",208.5,201.3,30573,"gp_mid",17.31,32.58,"305",1,204.9,"rhaetian",1
"77952",149396,"col","",5.895,46.91,"Boisset, bed 27",NA,"",5,"Rhaetian","",208.5,201.3,30573,"gp_mid",17.31,32.58,"305",1,204.9,"rhaetian",1
"77953",149397,"col","",6,47.209999,"Beure, bed 25",NA,"",3,"Rhaetian","",208.5,201.3,30573,"gp_mid",17.22,32.88,"305",1,204.9,"rhaetian",1
"77954",149398,"col","",6,47.209999,"Beure, bed 1",NA,"",9,"Rhaetian","",208.5,201.3,30573,"gp_mid",17.22,32.88,"305",1,204.9,"rhaetian",1
"77955",149399,"col","",5.97,47.285,"Miserey, bed 18",NA,"",1,"Rhaetian","",208.5,201.3,30573,"gp_mid",17.16,32.94,"305",1,204.9,"rhaetian",1
"77956",149400,"col","",5.59,46.715,"Lavigny, unspecified bed",NA,"",1,"Rhaetian","",208.5,201.3,30573,"gp_mid",17.2,32.31,"305",1,204.9,"rhaetian",1
"77957",149401,"col","",5.895,46.91,"Boisset, unspecified bed",NA,"",7,"Rhaetian","",208.5,201.3,30573,"gp_mid",17.31,32.58,"305",1,204.9,"rhaetian",1
"77958",149402,"col","",5.995,46.974998,"Nans-sous-Sainte-Anne",NA,"",4,"Rhaetian","",208.5,201.3,30573,"gp_mid",17.35,32.67,"305",1,204.9,"rhaetian",1
"77959",149403,"col","",5.97,47.285,"Miserey, unspecified bed",NA,"",5,"Rhaetian","",208.5,201.3,30573,"gp_mid",17.16,32.94,"305",1,204.9,"rhaetian",1
"77960",149404,"col","",6,47.209999,"Beure, unspecified bed",NA,"",4,"Rhaetian","",208.5,201.3,30573,"gp_mid",17.22,32.88,"305",1,204.9,"rhaetian",1
"77961",149405,"col","",5.7,46.889999,"Grozon, zone a",NA,"",1,"Rhaetian","",208.5,201.3,30573,"gp_mid",17.18,32.5,"305",1,204.9,"rhaetian",1
"77962",149406,"col","",6.07,47.150002,"Mérey, zone a",NA,"",1,"Rhaetian","",208.5,201.3,30573,"gp_mid",17.31,32.85,"305",1,204.9,"rhaetian",1
"77963",149407,"col","",5.97,47.285,"Miserey, bed 15",NA,"",1,"Rhaetian","",208.5,201.3,30573,"gp_mid",17.16,32.94,"305",1,204.9,"rhaetian",1
"77964",149408,"col","",5.59,46.715,"Lavigny, bed 1",NA,"",4,"Rhaetian","",208.5,201.3,30573,"gp_mid",17.2,32.31,"305",1,204.9,"rhaetian",1
"77965",149409,"col","",6,47.209999,"Beure, zone b",NA,"",2,"Rhaetian","",208.5,201.3,30573,"gp_mid",17.22,32.88,"305",1,204.9,"rhaetian",1
"77966",149410,"col","",5.7,46.889999,"Grozon, lower zone a",NA,"",1,"Rhaetian","",208.5,201.3,30573,"gp_mid",17.18,32.5,"305",1,204.9,"rhaetian",1
"77967",149411,"col","",6,47.209999,"Beure, zone c",NA,"",1,"Rhaetian","",208.5,201.3,30573,"gp_mid",17.22,32.88,"305",1,204.9,"rhaetian",1
"77968",149412,"col","",5.995,46.974998,"Nans-sous-Sainte-Anne, zone c",NA,"",1,"Rhaetian","",208.5,201.3,30573,"gp_mid",17.35,32.67,"305",1,204.9,"rhaetian",1
"77969",149413,"col","",5.895,46.91,"Boisset, zone a",NA,"",2,"Rhaetian","",208.5,201.3,30573,"gp_mid",17.31,32.58,"305",1,204.9,"rhaetian",1
"77970",149414,"col","",5.895,46.895,"Moutaine",NA,"",1,"Rhaetian","",208.5,201.3,30573,"gp_mid",17.32,32.57,"305",1,204.9,"rhaetian",1
"77971",149415,"col","",5.93,47.154999,"Vorges",NA,"",1,"Rhaetian","",208.5,201.3,30573,"gp_mid",17.2,32.81,"305",1,204.9,"rhaetian",1
"77977",149423,"col","",6.377,48.964001,"Tragny TGV excavation",NA,"",1,"Rhaetian","",208.5,201.3,47871,"gp_mid",16.51,34.55,"315",1,204.9,"rhaetian",1
"80569",153897,"col","Ngutunui",174.735474,-38.123421,"AU 1554, Arataura (R15/f138)",NA,"",1,"Otapirian","",205.6,201.6,49861,"gp_mid",87.61,-66.63,"806",1,203.6,"rhaetian",1
"80570",153898,"col","Ngutunui",174.734146,-38.124081,"AU 14977, Kawhia coast (R15/f285)",NA,"",1,"Otapirian","",205.6,201.6,49861,"gp_mid",87.61,-66.63,"806",1,203.6,"rhaetian",1
"80571",153899,"col","Ngutunui",174.737518,-38.12207,"AU 14973, Kawhia coast (R15/f289)",NA,"",1,"Otapirian","",205.6,201.6,49861,"gp_mid",87.61,-66.63,"806",1,203.6,"rhaetian",1
"80572",153900,"col","Ngutunui",174.739166,-38.120701,"AU 14972, Kawhia coast (R15/f290)",NA,"",1,"Otapirian","",205.6,201.6,49861,"gp_mid",87.62,-66.63,"806",1,203.6,"rhaetian",1
"80573",153901,"col","Ngutunui",174.739853,-38.120399,"AU 11806, Kawhia coast (R15/f292)",NA,"",1,"Otapirian","",205.6,201.6,49861,"gp_mid",87.62,-66.63,"806",1,203.6,"rhaetian",1
"80574",153902,"col","Ngutunui",174.740921,-38.119652,"AU 14968, Arataura (R15/f294)",NA,"",1,"Otapirian","",205.6,201.6,49861,"gp_mid",87.62,-66.63,"806",1,203.6,"rhaetian",1
"80575",153903,"col","",174.742035,-38.11871,"AU 14978, south of Arataura Point (R15/f8835)",NA,"",1,"Otapirian","",205.6,201.6,49861,"gp_mid",87.62,-66.63,"806",1,203.6,"rhaetian",1
"80576",153904,"col","Ngutunui",174.737198,-38.122299,"AU 104, Arataura (R15/f8853)",NA,"",1,"Otapirian","",205.6,201.6,49861,"gp_mid",87.61,-66.63,"806",1,203.6,"rhaetian",1
"80577",153905,"col","Ngutunui",174.730301,-38.12405,"AU 108, Ngutupuku Creek (R15/f8855)",NA,"",1,"Otapirian","",205.6,201.6,49861,"gp_mid",87.61,-66.62,"806",1,203.6,"rhaetian",1
"80578",153906,"col","Ngutunui",174.730515,-38.12439,"AU 109, Ngutupuku Creek (R15/f8856)",NA,"",1,"Otapirian","",205.6,201.6,49861,"gp_mid",87.61,-66.62,"806",1,203.6,"rhaetian",1
"80579",153907,"col","Ngutunui",174.709473,-38.316738,"OU 15205, Te Ruaoteata (R16/f43)",NA,"",1,"Otapirian","",205.6,201.6,49861,"gp_mid",87.12,-66.62,"806",1,203.6,"rhaetian",1
"80580",153908,"col","Ngutunui",174.709473,-38.316738,"OU 15206, Te Ruaoteata (R16/f43)",NA,"",1,"Otapirian","",205.6,201.6,49861,"gp_mid",87.12,-66.62,"806",1,203.6,"rhaetian",1
"80672",154054,"col","Ngutunui",174.713501,-38.257801,"AU 9470, Tauhua Beach (R16/f145)",NA,"",1,"Otapirian","",205.6,201.6,49861,"gp_mid",87.27,-66.62,"806",1,203.6,"rhaetian",1
"80673",154055,"col","Ngutunui",174.710907,-38.1992,"AU 8364, Tokapae (R16/f156)",NA,"",1,"Otapirian","",205.6,201.6,49861,"gp_mid",87.42,-66.61,"806",1,203.6,"rhaetian",1
"80674",154056,"col","Ngutunui",174.712494,-38.262299,"AU 8360, Tauhua Stream (R16/f169)",NA,"",1,"Otapirian","",205.6,201.6,49861,"gp_mid",87.26,-66.62,"806",1,203.6,"rhaetian",1
"80675",154057,"col","Ngutunui",174.707199,-38.3237,"AU 11961, Kiritehere (R16/f310)",NA,"",1,"Otapirian","",205.6,201.6,49861,"gp_mid",87.1,-66.62,"806",1,203.6,"rhaetian",1
"80676",154058,"col","Ngutunui",174.708206,-38.317402,"AU 12681, Kiritehere (R16/f323)",NA,"",1,"Otapirian","",205.6,201.6,49861,"gp_mid",87.12,-66.62,"806",1,203.6,"rhaetian",1
"80677",154059,"col","Ngutunui",174.708206,-38.317402,"AU 16889, Kiritehere (R16/f323)",NA,"",1,"Otapirian","",205.6,201.6,49861,"gp_mid",87.12,-66.62,"806",1,203.6,"rhaetian",1
"80678",154060,"col","Ngutunui",174.709305,-38.317299,"AU 12063, Te Ruaoteata (R16/f326)",NA,"",1,"Otapirian","",205.6,201.6,49861,"gp_mid",87.12,-66.62,"806",1,203.6,"rhaetian",1
"80679",154061,"col","Ngutunui",174.708099,-38.316502,"AU 12069, Kiritehere Coast (R16/f330)",NA,"",1,"Otapirian","",205.6,201.6,49861,"gp_mid",87.12,-66.62,"806",1,203.6,"rhaetian",1
"80680",154062,"col","Ngutunui",174.709793,-38.316849,"AU 12067, Ruaoteata Point (R16/f331)",NA,"",1,"Otapirian","",205.6,201.6,49861,"gp_mid",87.12,-66.62,"806",1,203.6,"rhaetian",1
"80681",154063,"col","Ngutunui",174.709793,-38.316849,"AU 12077, Ruaoteata Point (R16/f331)",NA,"",1,"Otapirian","",205.6,201.6,49861,"gp_mid",87.12,-66.62,"806",1,203.6,"rhaetian",1
"80682",154064,"col","Ngutunui",174.709793,-38.316849,"AU 12066, Te Ruaoteata (R16/f332)",NA,"",1,"Otapirian","",205.6,201.6,49861,"gp_mid",87.12,-66.62,"806",1,203.6,"rhaetian",1
"80683",154065,"col","Ngutunui",174.711899,-38.3144,"AU 12070, Waipaua Stream (R16/f333)",NA,"",1,"Otapirian","",205.6,201.6,49861,"gp_mid",87.13,-66.62,"806",1,203.6,"rhaetian",1
"80684",154066,"col","Ngutunui",174.711502,-38.313702,"AU 12073, Waipaua Stream (R16/f336)",NA,"",1,"Otapirian","",205.6,201.6,49861,"gp_mid",87.13,-66.62,"806",1,203.6,"rhaetian",1
"80685",154067,"col","Ngutunui",174.711395,-38.311901,"AU 12078, Marokopa River (R16/f341)",NA,"",1,"Otapirian","",205.6,201.6,49861,"gp_mid",87.13,-66.62,"806",1,203.6,"rhaetian",1
"80686",154068,"col","Ngutunui",174.708694,-38.318501,"AU 12083, Kiritehere Beach (R16/f346)",NA,"",1,"Otapirian","",205.6,201.6,49861,"gp_mid",87.12,-66.62,"806",1,203.6,"rhaetian",1
"80687",154069,"col","Ngutunui",174.710403,-38.314602,"AU 14991, Waipaua Stream (R16/f386)",NA,"",1,"Otapirian","",205.6,201.6,49861,"gp_mid",87.13,-66.62,"806",1,203.6,"rhaetian",1
"80688",154070,"col","Ngutunui",174.708298,-38.321899,"AU 6559, Kiritehere Beach (R16/f429)",NA,"",1,"Otapirian","",205.6,201.6,49861,"gp_mid",87.11,-66.62,"806",1,203.6,"rhaetian",1
"80689",154071,"col","Ngutunui",174.708206,-38.317402,"AU 14992, Te Ruaoetata (R16/f387)",NA,"",1,"Otapirian","",205.6,201.6,49861,"gp_mid",87.12,-66.62,"806",1,203.6,"rhaetian",1
"80690",154072,"col","Ngutunui",174.707596,-38.326698,"AU 12088, Kiritehere Coast (R16/f8122)",NA,"",1,"Otapirian","",205.6,201.6,49861,"gp_mid",87.1,-66.62,"806",1,203.6,"rhaetian",1
"80691",154077,"col","Ngutunui",174.706497,-38.3251,"AU 11966, Kiritehere Beach (R16/f8529)",NA,"",1,"Otapirian","",205.6,201.6,49861,"gp_mid",87.1,-66.62,"806",1,203.6,"rhaetian",1
"80692",154078,"col","",174.706345,-38.326012,"AU 11967, Kiritehere Beach (R16/f8531)",NA,"",1,"Otapirian","",205.6,201.6,49861,"gp_mid",87.1,-66.62,"806",1,203.6,"rhaetian",1
"80693",154079,"col","Ngutunui",174.706345,-38.326012,"AU 6456, Kiritehere Beach (R16/f8534)",NA,"",1,"Otapirian","",205.6,201.6,49861,"gp_mid",87.1,-66.62,"806",1,203.6,"rhaetian",1
"80694",154080,"col","",174.712997,-38.310478,"AU 16885, south of Marokopa (R16/f8638)",NA,"",1,"Otapirian","",205.6,201.6,49861,"gp_mid",87.14,-66.62,"806",1,203.6,"rhaetian",1
"80695",154081,"col","Ngutunui",174.704407,-38.325901,"AU 5797, Kiritehere Beach (R16/f8722)",NA,"",1,"Otapirian","",205.6,201.6,49861,"gp_mid",87.1,-66.62,"806",1,203.6,"rhaetian",1
"80696",154082,"col","Ngutunui",174.704407,-38.325901,"AU 6948, Kiritehere Beach (R16/f8722)",NA,"",1,"Otapirian","",205.6,201.6,49861,"gp_mid",87.1,-66.62,"806",1,203.6,"rhaetian",1
"80697",154083,"col","Ngutunui",174.704407,-38.325901,"AU 14995, Kiritehere Beach (R16/f8722)",NA,"",1,"Otapirian","",205.6,201.6,49861,"gp_mid",87.1,-66.62,"806",1,203.6,"rhaetian",1
"80698",154084,"col","Ngutunui",174.709793,-38.316849,"AU 4218, Waipaua Stream (R16/f8833)",NA,"",1,"Otapirian","",205.6,201.6,49861,"gp_mid",87.12,-66.62,"806",1,203.6,"rhaetian",1
"80699",154085,"col","Ngutunui",174.710999,-38.316002,"AU 4219, Waipaua Stream (R16/f8834)",NA,"",1,"Otapirian","",205.6,201.6,49861,"gp_mid",87.12,-66.62,"806",1,203.6,"rhaetian",1
"80700",154086,"col","Ngutunui",174.722198,-38.321899,"AU 4243, Marokopa-Kiritehere Road (R16/f8860)",NA,"",1,"Otapirian","",205.6,201.6,49861,"gp_mid",87.11,-66.63,"806",1,203.6,"rhaetian",1
"80701",154087,"col","Ngutunui",174.731506,-38.335098,"AU 4254, Kiritehere-Moeatoa Road (R16/f8872)",NA,"",1,"Otapirian","",205.6,201.6,49861,"gp_mid",87.08,-66.64,"806",1,203.6,"rhaetian",1
"80731",154119,"col","Ngutunui",174.735703,-38.335999,"AU 4255, Kiritehere valley (R16/f8873)",NA,"",1,"Otapirian","",205.6,201.6,49861,"gp_mid",87.08,-66.64,"806",1,203.6,"rhaetian",1
"80732",154120,"col","",174.750107,-38.362411,"AU 8987, Pomarangai Road (R16/f8877)",NA,"",1,"Otapirian","",205.6,201.6,49861,"gp_mid",87.01,-66.66,"806",1,203.6,"rhaetian",1
"80733",154121,"col","",174.700806,-38.434601,"AU 7583, Mangatoa River (R17/f176)",NA,"",1,"Otapirian","",205.6,201.6,49861,"gp_mid",86.82,-66.62,"806",1,203.6,"rhaetian",1
"80734",154122,"col","",174.710907,-38.428101,"AU 7584, Mangatoa Road (R17/f177)",NA,"",1,"Otapirian","",205.6,201.6,49861,"gp_mid",86.84,-66.63,"806",1,203.6,"rhaetian",1
"80735",154123,"col","",174.701996,-38.436401,"AU 7588, Mangatoa Road (R17/f181)",NA,"",1,"Otapirian","",205.6,201.6,49861,"gp_mid",86.82,-66.62,"806",1,203.6,"rhaetian",1
"80736",154124,"col","",174.703094,-38.434601,"AU 7589, Mangatoa Road (R17/f182)",NA,"",1,"Otapirian","",205.6,201.6,49861,"gp_mid",86.82,-66.62,"806",1,203.6,"rhaetian",1
"80737",154125,"col","",174.705307,-38.432701,"AU 7590, Mangatoa Road (R17/f183)",NA,"",1,"Otapirian","",205.6,201.6,49861,"gp_mid",86.83,-66.63,"806",1,203.6,"rhaetian",1
"80738",154126,"col","",174.710907,-38.4282,"AU 7593, Mangatoa Road (R17/f186)",NA,"",1,"Otapirian","",205.6,201.6,49861,"gp_mid",86.84,-66.63,"806",1,203.6,"rhaetian",1
"80739",154127,"col","",174.714294,-38.4272,"AU 7594, Mangatoa Road (R17/f187)",NA,"",1,"Otapirian","",205.6,201.6,49861,"gp_mid",86.84,-66.63,"806",1,203.6,"rhaetian",1
"80740",154128,"col","",174.7397,-38.478199,"AU 7595, Upper Waikawau River (R17/f188)",NA,"",1,"Otapirian","",205.6,201.6,49861,"gp_mid",86.72,-66.66,"806",1,203.6,"rhaetian",1
"80741",154129,"col","",174.694305,-38.671799,"AU 12169, Awakino Gorge (R17/f559)",NA,"",1,"Otapirian","",205.6,201.6,49861,"gp_mid",86.23,-66.63,"806",1,203.6,"rhaetian",1
"80742",154130,"col","Ngutunui",174.693298,-38.670898,"AU 12169, Awakino Gorge (R17/f8574)",NA,"",1,"Otapirian","",205.6,201.6,49861,"gp_mid",86.23,-66.63,"806",1,203.6,"rhaetian",1
"80743",154131,"col","Ngutunui",174.683807,-38.677299,"AU 12138, Awakino Gorge (R18/f90)",NA,"",1,"Otapirian","",205.6,201.6,49861,"gp_mid",86.21,-66.62,"806",1,203.6,"rhaetian",1
"80744",154132,"col","Ngutunui",174.688995,-38.676701,"AU 12139, Awakino Gorge (R18/f91)",NA,"",1,"Otapirian","",205.6,201.6,49861,"gp_mid",86.21,-66.63,"806",1,203.6,"rhaetian",1
"80745",154133,"col","Ngutunui",174.694107,-38.6735,"AU 12145, Awakino Gorge (R18/f96)",NA,"",1,"Otapirian","",205.6,201.6,49861,"gp_mid",86.22,-66.63,"806",1,203.6,"rhaetian",1
"80746",154134,"col","Ngutunui",174.702103,-38.673401,"AU 12160, Awakino Gorge (R18/f104)",NA,"",1,"Otapirian","",205.6,201.6,49861,"gp_mid",86.22,-66.64,"806",1,203.6,"rhaetian",1
"80747",154135,"col","",174.694305,-38.6726,"AU 8986, Awakino Gorge (R18/f6562)",NA,"",1,"Otapirian","",205.6,201.6,49861,"gp_mid",86.22,-66.63,"806",1,203.6,"rhaetian",1
"80748",154136,"col","Ngutunui",174.685806,-38.677502,"AU 352, Awakino River (R18/f6581)",NA,"",1,"Otapirian","",205.6,201.6,49861,"gp_mid",86.21,-66.63,"806",1,203.6,"rhaetian",1
"80749",154137,"col","Ngutunui",174.685806,-38.677502,"AU 1885, Awakino River (R18/f6581)",NA,"",1,"Otapirian","",205.6,201.6,49861,"gp_mid",86.21,-66.63,"806",1,203.6,"rhaetian",1
"85864",163290,"col","Lilstock",-3.0265,50.802601,"Tolcis Quarry (beds 1–6)",NA,"",5,"Rhaetian","",208.5,201.3,53178,"gp_mid",8.98,33.48,"315",1,204.9,"rhaetian",1
"85865",163291,"col","Lilstock",-2.976389,50.796391,"Tolcis Quarry (beds 7–25)",NA,"",7,"Rhaetian","",208.5,201.3,53178,"gp_mid",9.02,33.49,"315",1,204.9,"rhaetian",1
"85873",163305,"col","Westbury",-2.397222,51.545555,"Barnhill Quarry (Bone Bed)",NA,"Chipping Sodbury",7,"Rhaetian","",208.5,201.3,53178,"gp_mid",9.03,34.32,"315",1,204.9,"rhaetian",1
"85874",163306,"col","Westbury",-2.397222,51.545555,"Barnhill Quarry (black shales)",NA,"Chipping Sodbury",4,"Rhaetian","",208.5,201.3,53178,"gp_mid",9.03,34.32,"315",1,204.9,"rhaetian",1
"85875",163309,"col","Westbury",-3.266667,51.166668,"St. Audrie's Bay, 2.6 m, Somerset, SW England",NA,"",0,"Rhaetian","",208.5,201.3,53178,"gp_mid",8.63,33.74,"315",1,204.9,"rhaetian",1
"85876",163310,"col","Westbury",-2.397222,51.545555,"Barnhill Quarry (selenitic shale)",NA,"Chipping Sodbury",8,"Rhaetian","",208.5,201.3,53178,"gp_mid",9.03,34.32,"315",1,204.9,"rhaetian",1
"85877",163311,"col","Westbury",-2.397222,51.545555,"Barnhill Quarry (irregular limestone)",NA,"Chipping Sodbury",3,"Rhaetian","",208.5,201.3,53178,"gp_mid",9.03,34.32,"315",1,204.9,"rhaetian",1
"85878",163317,"col","Westbury",-2.413017,51.815845,"Garden Cliff (Upper Pullastra Sandstone)",NA,"Westbury-on-Severn, Golden Cliff",7,"Rhaetian","",208.5,201.3,53178,"gp_mid",8.88,34.56,"315",1,204.9,"rhaetian",1
"85879",163318,"col","Westbury",-2.413017,51.815845,"Garden Cliff (arenaceous deposit)",NA,"Westbury-on-Severn, Golden Cliff",3,"Rhaetian","",208.5,201.3,53178,"gp_mid",8.88,34.56,"315",1,204.9,"rhaetian",1
"85880",163319,"col","Westbury",-2.413017,51.815845,"Garden Cliff (black shales)",NA,"Westbury-on-Severn, Golden Cliff",5,"Rhaetian","",208.5,201.3,53178,"gp_mid",8.88,34.56,"315",1,204.9,"rhaetian",1
"88967",170278,"col","",25.42,46.029999,"Meghies Hill, Persani (Rhaetian)",NA,"",1,"Rhaetian","",208.5,201.3,55541,"gp_mid",35.57,19.92,"308",1,204.9,"rhaetian",1
"92127",178164,"col","Bouraké",166.057999,-22.007999,"AU 7194, Ile Ducos (NC/f50)",NA,"",6,"Otapirian","",205.6,201.6,58972,"gp_mid",113.9,-54.15,"834",1,203.6,"rhaetian",1
"92210",178162,"col","Bouraké",166.046997,-22.028,"AU 7148, Ile Hugon (NC/f4)",NA,"",11,"Otapirian","",205.6,201.6,58972,"gp_mid",113.86,-54.15,"834",1,203.6,"rhaetian",1
"92213",178166,"col","Bouraké",166.050003,-22.011999,"AU 7799, Ile Ducos (NC/f82)",NA,"",9,"Otapirian","",205.6,201.6,58972,"gp_mid",113.88,-54.15,"834",1,203.6,"rhaetian",1
"92215",178168,"col","Bouraké",166.048004,-22.011999,"GS 12989, Ile Ducos (NC/f83)",NA,"",4,"Otapirian","",205.6,201.6,58972,"gp_mid",113.88,-54.14,"834",1,203.6,"rhaetian",1
"92222",178175,"col","Bouraké",166.029007,-22.021,"AU 9677, Ile Ducos (NC/f97)",NA,"",3,"Otapirian","",205.6,201.6,58972,"gp_mid",113.85,-54.13,"834",1,203.6,"rhaetian",1
"92227",178180,"col","Bouraké",166.046005,-22.039,"AU 7165, Ile Hugon (NC/f109)",NA,"",3,"Otapirian","",205.6,201.6,58972,"gp_mid",113.84,-54.16,"834",1,203.6,"rhaetian",1
"92228",178181,"col","Bouraké",166.046005,-22.000999,"AU 7214, Ile Ducos (NC/f60)",NA,"",3,"Otapirian","",205.6,201.6,58972,"gp_mid",113.9,-54.14,"834",1,203.6,"rhaetian",1
"92229",178182,"col","Bouraké",166.046997,-22.032,"AU 7153, Ile Hugon (NC/f508)",NA,"",4,"Otapirian","",205.6,201.6,58972,"gp_mid",113.85,-54.15,"834",1,203.6,"rhaetian",1
"92230",178183,"col","Bouraké",166.052002,-22.003,"AU 7218, Ile Ducos (NC/f555)",NA,"",1,"Otapirian","",205.6,201.6,58972,"gp_mid",113.9,-54.14,"834",1,203.6,"rhaetian",1
"92231",178184,"col","Bouraké",166.046997,-22.002001,"AU 7213, Ile Ducos (NC/f559)",NA,"",3,"Otapirian","",205.6,201.6,58972,"gp_mid",113.9,-54.14,"834",1,203.6,"rhaetian",1
"94039",182483,"col","Sables de Mortinsart",5.616667,49.708332,"HLV-4, Habay-la-Vieille IV",NA,"",0,"Rhaetian","",208.5,201.3,60686,"gp_mid",15.55,34.98,"315",1,204.9,"rhaetian",1
"94040",182484,"col","Sables de Mortinsart",5.616667,49.708332,"HLV-1, Habay-la-Vieille I",NA,"",1,"Rhaetian","",208.5,201.3,60686,"gp_mid",15.55,34.98,"315",1,204.9,"rhaetian",1
"96608",206742,"col","",-1.6702,46.437599,"L'Anse de la République tracksite, F5",NA,"Veillon, Republique Cove, Blockhaus",1,"Rhaetian","",208.5,201.3,23532,"gp_mid",12.09,29.89,"305",1,204.9,"rhaetian",1
"97509",191173,"col","Arnstadt",10.718333,52.306389,"Schandelah-1 well, 336.8-337.5 m depth",NA,"",2,"Rhaetian","",208.5,201.3,64477,"gp_mid",17.45,38.82,"315",1,204.9,"rhaetian",1
"98040",193353,"col","Lilstock",-3.381,51.185001,"Blue Anchor (Coram collection)",NA,"",1,"Rhaetian","",208.5,201.3,65694,"gp_mid",8.55,33.73,"315",1,204.9,"rhaetian",1
"98207",194419,"col","Westbury Mudstone",-3.265,51.185833,"Lilstock",NA,"",1,"Rhaetian","",208.5,201.3,66026,"gp_mid",8.63,33.76,"315",1,204.9,"rhaetian",1
"98288",194782,"col","Exter",9.051111,51.565556,"Rhaeticosaurus-type locality",NA,"Clay pit #3 of Lücking brick company, Bonenburg",1,"Rhaetian","",208.5,201.3,66198,"gp_mid",16.79,37.66,"315",1,204.9,"rhaetian",1
"98678",195949,"col","",-2.12,52.09,"Defford, Tewkesbury",NA,"",1,"Rhaetian","",208.5,201.3,66694,"gp_mid",8.93,34.88,"315",1,204.9,"rhaetian",1
"98849",196363,"col","Lilstock",-1.42,52.25,"Stoneythorpe",NA,"",1,"Rhaetian","",208.5,201.3,66694,"gp_mid",9.32,35.22,"315",1,204.9,"rhaetian",1
"100334",200776,"col","",174.686905,-38.674198,"Locality N91/573, Awakino River bank",NA,"",1,"Otapirian","",205.6,201.6,68716,"gp_mid",86.22,-66.63,"806",1,203.6,"rhaetian",1
"100368",200831,"col","Maichuqing",100.129997,25.155001,"Wuyin, Weishan",NA,"",1,"Rhaetian","",208.5,201.3,47190,"gp_mid",105.09,31.57,"616",1,204.9,"rhaetian",1
"100470",200948,"col","Westbury",-2.816667,51.216671,"Wedmore Hill, bed 2",NA,"",17,"Rhaetian","",208.5,201.3,68861,"gp_mid",8.92,33.91,"315",1,204.9,"rhaetian",1
"100471",200949,"col","Westbury",-2.816667,51.216671,"Wedmore Hill, bed 3",NA,"",6,"Rhaetian","",208.5,201.3,68861,"gp_mid",8.92,33.91,"315",1,204.9,"rhaetian",1
"100472",200950,"col","Westbury",-2.816667,51.216671,"Wedmore Hill, bed 4",NA,"",2,"Rhaetian","",208.5,201.3,68861,"gp_mid",8.92,33.91,"315",1,204.9,"rhaetian",1
"100473",200951,"col","Westbury",-2.816667,51.216671,"Wedmore Hill, bed 5",NA,"",9,"Rhaetian","",208.5,201.3,68861,"gp_mid",8.92,33.91,"315",1,204.9,"rhaetian",1
"100474",200952,"col","Westbury",-2.816667,51.216671,"Wedmore Hill, bed 6",NA,"",4,"Rhaetian","",208.5,201.3,68861,"gp_mid",8.92,33.91,"315",1,204.9,"rhaetian",1
"100475",200953,"col","Westbury",-2.816667,51.216671,"Wedmore Hill, bed 9",NA,"",6,"Rhaetian","",208.5,201.3,68861,"gp_mid",8.92,33.91,"315",1,204.9,"rhaetian",1
"100587",201148,"col","Maichuqing",99.429443,26.465555,"Jinglong, Lanping",NA,"Jinlongcun",1,"Rhaetian","",208.5,201.3,47190,"gp_mid",103.41,31.86,"616",1,204.9,"rhaetian",1
"100733",201830,"col","Gijón",-5.803056,43.495556,"Vilorteo",NA,"",3,"Rhaetian","",208.5,201.3,69071,"gp_mid",11.22,28.52,"304",1,204.9,"rhaetian",1
"100734",201831,"col","Gijón",-5.179444,43.475277,"Caravia Alta (lower)",NA,"",2,"Rhaetian","",208.5,201.3,69071,"gp_mid",11.72,28.4,"304",1,204.9,"rhaetian",1
"100788",201921,"col","",174.690826,-38.137222,"Tarawai Point (Rhaetian beds)",NA,"",6,"Rhaetian","",208.5,201.3,69156,"gp_mid",88.12,-67.1,"806",1,204.9,"rhaetian",1
"102205",204163,"col","Cotham",-1.88,51.805,"Stowell Park borehole (Upper Rhaetic Beds, 2047-2066ft)",NA,"",4,"Rhaetian","",208.5,201.3,69925,"gp_mid",9.24,34.69,"315",1,204.9,"rhaetian",1
"102206",204164,"col","",-1.88,51.805,"Stowell Park borehole (Lower Rhaetic Beds, 2066-2084ft)",NA,"",15,"Rhaetian","",208.5,201.3,69925,"gp_mid",9.24,34.69,"315",1,204.9,"rhaetian",1
"103388",206248,"col","",16.190832,39.84,"Between Cozzo della Paglia and Il Rotondello",NA,"",4,"Rhaetian","",208.5,201.3,70788,"gp_mid",25.84,19.85,"307",1,204.9,"rhaetian",1
"103534",206565,"col","Westbury",-3.3825,51.18528,"Blue Anchor Point (Westbury Fm.)",NA,"",1,"Rhaetian","",208.5,201.3,71006,"gp_mid",8.55,33.73,"315",1,204.9,"rhaetian",1
"103537",206568,"col","Cotham",-2.413017,51.815845,"Garden Cliff, Westbury-on-Severn",NA,"",1,"Rhaetian","",208.5,201.3,71006,"gp_mid",8.88,34.56,"315",1,204.9,"rhaetian",1
"103592",206744,"col","",-1.6647,46.434101,"Pointe du Veillon tracksite, F4",NA,"Veillon Point",0,"Rhaetian","",208.5,201.3,6952,"gp_mid",12.1,29.89,"305",1,204.9,"rhaetian",1
"105148",209712,"col","",-84.410004,11.111,"Sample 06-04-19-01, north of Sabalos",NA,"",20,"Rhaetian","",208.5,201.3,72336,"gp_mid",-40.63,-13.09,"204",1,204.9,"rhaetian",1
