"bin","max","min","mid","hemisphere","ssc","name","max_age","mid_age","min_age","duration","abbr","color"
1,90,75,82.5,"N",0,"piacenzian",3.6,3.094,2.588,1.012,"Pc","#FFFFBF"
2,75,60,67.5,"N",0.242130750605327,"piacenzian",3.6,3.094,2.588,1.012,"Pc","#FFFFBF"
3,60,45,52.5,"N",0.794912559618442,"piacenzian",3.6,3.094,2.588,1.012,"Pc","#FFFFBF"
4,45,30,37.5,"N",3.41753343239227,"piacenzian",3.6,3.094,2.588,1.012,"Pc","#FFFFBF"
5,30,15,22.5,"N",0.974930362116992,"piacenzian",3.6,3.094,2.588,1.012,"Pc","#FFFFBF"
6,15,0,7.5,"N",0.973574408901252,"piacenzian",3.6,3.094,2.588,1.012,"Pc","#FFFFBF"
7,0,-15,-7.5,"S",0.964630225080386,"piacenzian",3.6,3.094,2.588,1.012,"Pc","#FFFFBF"
8,-15,-30,-22.5,"S",0,"piacenzian",3.6,3.094,2.588,1.012,"Pc","#FFFFBF"
9,-30,-45,-37.5,"S",3.21782178217822,"piacenzian",3.6,3.094,2.588,1.012,"Pc","#FFFFBF"
10,-45,-60,-52.5,"S",0,"piacenzian",3.6,3.094,2.588,1.012,"Pc","#FFFFBF"
11,-60,-75,-67.5,"S",0,"piacenzian",3.6,3.094,2.588,1.012,"Pc","#FFFFBF"
12,-75,-90,-82.5,"S",0,"piacenzian",3.6,3.094,2.588,1.012,"Pc","#FFFFBF"
1,90,75,82.5,"N",0,"zanclean",5.333,4.4665,3.6,1.733,"Z","#FFFFB3"
2,75,60,67.5,"N",0,"zanclean",5.333,4.4665,3.6,1.733,"Z","#FFFFB3"
3,60,45,52.5,"N",0.890207715133531,"zanclean",5.333,4.4665,3.6,1.733,"Z","#FFFFB3"
4,45,30,37.5,"N",4.2962962962963,"zanclean",5.333,4.4665,3.6,1.733,"Z","#FFFFB3"
5,30,15,22.5,"N",1.28571428571429,"zanclean",5.333,4.4665,3.6,1.733,"Z","#FFFFB3"
6,15,0,7.5,"N",1.4945652173913,"zanclean",5.333,4.4665,3.6,1.733,"Z","#FFFFB3"
7,0,-15,-7.5,"S",0.330578512396694,"zanclean",5.333,4.4665,3.6,1.733,"Z","#FFFFB3"
8,-15,-30,-22.5,"S",0,"zanclean",5.333,4.4665,3.6,1.733,"Z","#FFFFB3"
9,-30,-45,-37.5,"S",2.29885057471264,"zanclean",5.333,4.4665,3.6,1.733,"Z","#FFFFB3"
10,-45,-60,-52.5,"S",0,"zanclean",5.333,4.4665,3.6,1.733,"Z","#FFFFB3"
11,-60,-75,-67.5,"S",0.120481927710843,"zanclean",5.333,4.4665,3.6,1.733,"Z","#FFFFB3"
12,-75,-90,-82.5,"S",0,"zanclean",5.333,4.4665,3.6,1.733,"Z","#FFFFB3"
1,90,75,82.5,"N",0,"messinian",7.246,6.2895,5.333,1.913,"Mss","#FFFF73"
2,75,60,67.5,"N",0,"messinian",7.246,6.2895,5.333,1.913,"Mss","#FFFF73"
3,60,45,52.5,"N",0.129366106080207,"messinian",7.246,6.2895,5.333,1.913,"Mss","#FFFF73"
4,45,30,37.5,"N",2.95489891135303,"messinian",7.246,6.2895,5.333,1.913,"Mss","#FFFF73"
5,30,15,22.5,"N",0.628930817610063,"messinian",7.246,6.2895,5.333,1.913,"Mss","#FFFF73"
6,15,0,7.5,"N",0.413793103448276,"messinian",7.246,6.2895,5.333,1.913,"Mss","#FFFF73"
7,0,-15,-7.5,"S",0.35778175313059,"messinian",7.246,6.2895,5.333,1.913,"Mss","#FFFF73"
8,-15,-30,-22.5,"S",0,"messinian",7.246,6.2895,5.333,1.913,"Mss","#FFFF73"
9,-30,-45,-37.5,"S",0.19723865877712,"messinian",7.246,6.2895,5.333,1.913,"Mss","#FFFF73"
10,-45,-60,-52.5,"S",0,"messinian",7.246,6.2895,5.333,1.913,"Mss","#FFFF73"
11,-60,-75,-67.5,"S",0.118906064209275,"messinian",7.246,6.2895,5.333,1.913,"Mss","#FFFF73"
12,-75,-90,-82.5,"S",0,"messinian",7.246,6.2895,5.333,1.913,"Mss","#FFFF73"
1,90,75,82.5,"N",0,"tortonian",11.62,9.433,7.246,4.374,"Trt","#FFFF66"
2,75,60,67.5,"N",0,"tortonian",11.62,9.433,7.246,4.374,"Trt","#FFFF66"
3,60,45,52.5,"N",0.804289544235925,"tortonian",11.62,9.433,7.246,4.374,"Trt","#FFFF66"
4,45,30,37.5,"N",4.47941888619855,"tortonian",11.62,9.433,7.246,4.374,"Trt","#FFFF66"
5,30,15,22.5,"N",0.318471337579618,"tortonian",11.62,9.433,7.246,4.374,"Trt","#FFFF66"
6,15,0,7.5,"N",0.429799426934097,"tortonian",11.62,9.433,7.246,4.374,"Trt","#FFFF66"
7,0,-15,-7.5,"S",0,"tortonian",11.62,9.433,7.246,4.374,"Trt","#FFFF66"
8,-15,-30,-22.5,"S",0.357142857142857,"tortonian",11.62,9.433,7.246,4.374,"Trt","#FFFF66"
9,-30,-45,-37.5,"S",1.63339382940109,"tortonian",11.62,9.433,7.246,4.374,"Trt","#FFFF66"
10,-45,-60,-52.5,"S",0,"tortonian",11.62,9.433,7.246,4.374,"Trt","#FFFF66"
11,-60,-75,-67.5,"S",0,"tortonian",11.62,9.433,7.246,4.374,"Trt","#FFFF66"
12,-75,-90,-82.5,"S",0,"tortonian",11.62,9.433,7.246,4.374,"Trt","#FFFF66"
1,90,75,82.5,"N",0,"serravallian",13.82,12.72,11.62,2.2,"Srr","#FFFF59"
2,75,60,67.5,"N",0,"serravallian",13.82,12.72,11.62,2.2,"Srr","#FFFF59"
3,60,45,52.5,"N",0.725513905683192,"serravallian",13.82,12.72,11.62,2.2,"Srr","#FFFF59"
4,45,30,37.5,"N",3.76522702104097,"serravallian",13.82,12.72,11.62,2.2,"Srr","#FFFF59"
5,30,15,22.5,"N",0.324149108589951,"serravallian",13.82,12.72,11.62,2.2,"Srr","#FFFF59"
6,15,0,7.5,"N",0.855920114122682,"serravallian",13.82,12.72,11.62,2.2,"Srr","#FFFF59"
7,0,-15,-7.5,"S",0.538599640933573,"serravallian",13.82,12.72,11.62,2.2,"Srr","#FFFF59"
8,-15,-30,-22.5,"S",0,"serravallian",13.82,12.72,11.62,2.2,"Srr","#FFFF59"
9,-30,-45,-37.5,"S",0.667779632721202,"serravallian",13.82,12.72,11.62,2.2,"Srr","#FFFF59"
10,-45,-60,-52.5,"S",0,"serravallian",13.82,12.72,11.62,2.2,"Srr","#FFFF59"
11,-60,-75,-67.5,"S",0,"serravallian",13.82,12.72,11.62,2.2,"Srr","#FFFF59"
12,-75,-90,-82.5,"S",0,"serravallian",13.82,12.72,11.62,2.2,"Srr","#FFFF59"
1,90,75,82.5,"N",0,"langhian",15.97,14.895,13.82,2.15,"Ln","#FFFF4D"
2,75,60,67.5,"N",0,"langhian",15.97,14.895,13.82,2.15,"Ln","#FFFF4D"
3,60,45,52.5,"N",0.122699386503067,"langhian",15.97,14.895,13.82,2.15,"Ln","#FFFF4D"
4,45,30,37.5,"N",2.39085239085239,"langhian",15.97,14.895,13.82,2.15,"Ln","#FFFF4D"
5,30,15,22.5,"N",0.153139356814701,"langhian",15.97,14.895,13.82,2.15,"Ln","#FFFF4D"
6,15,0,7.5,"N",0,"langhian",15.97,14.895,13.82,2.15,"Ln","#FFFF4D"
7,0,-15,-7.5,"S",0,"langhian",15.97,14.895,13.82,2.15,"Ln","#FFFF4D"
8,-15,-30,-22.5,"S",0,"langhian",15.97,14.895,13.82,2.15,"Ln","#FFFF4D"
9,-30,-45,-37.5,"S",0.396039603960396,"langhian",15.97,14.895,13.82,2.15,"Ln","#FFFF4D"
10,-45,-60,-52.5,"S",0.334448160535117,"langhian",15.97,14.895,13.82,2.15,"Ln","#FFFF4D"
11,-60,-75,-67.5,"S",0,"langhian",15.97,14.895,13.82,2.15,"Ln","#FFFF4D"
12,-75,-90,-82.5,"S",0,"langhian",15.97,14.895,13.82,2.15,"Ln","#FFFF4D"
1,90,75,82.5,"N",0,"burdigalian",20.44,18.205,15.97,4.47,"Brd","#FFFF41"
2,75,60,67.5,"N",0.120918984280532,"burdigalian",20.44,18.205,15.97,4.47,"Brd","#FFFF41"
3,60,45,52.5,"N",0.356294536817102,"burdigalian",20.44,18.205,15.97,4.47,"Brd","#FFFF41"
4,45,30,37.5,"N",2.04962243797195,"burdigalian",20.44,18.205,15.97,4.47,"Brd","#FFFF41"
5,30,15,22.5,"N",0.428571428571429,"burdigalian",20.44,18.205,15.97,4.47,"Brd","#FFFF41"
6,15,0,7.5,"N",0.712250712250712,"burdigalian",20.44,18.205,15.97,4.47,"Brd","#FFFF41"
7,0,-15,-7.5,"S",0,"burdigalian",20.44,18.205,15.97,4.47,"Brd","#FFFF41"
8,-15,-30,-22.5,"S",0,"burdigalian",20.44,18.205,15.97,4.47,"Brd","#FFFF41"
9,-30,-45,-37.5,"S",0.55452865064695,"burdigalian",20.44,18.205,15.97,4.47,"Brd","#FFFF41"
10,-45,-60,-52.5,"S",0,"burdigalian",20.44,18.205,15.97,4.47,"Brd","#FFFF41"
11,-60,-75,-67.5,"S",0,"burdigalian",20.44,18.205,15.97,4.47,"Brd","#FFFF41"
12,-75,-90,-82.5,"S",0,"burdigalian",20.44,18.205,15.97,4.47,"Brd","#FFFF41"
1,90,75,82.5,"N",0,"aquitanian",23.03,21.735,20.44,2.59,"Aq","#FFFF33"
2,75,60,67.5,"N",0,"aquitanian",23.03,21.735,20.44,2.59,"Aq","#FFFF33"
3,60,45,52.5,"N",0.126742712294043,"aquitanian",23.03,21.735,20.44,2.59,"Aq","#FFFF33"
4,45,30,37.5,"N",0.560538116591928,"aquitanian",23.03,21.735,20.44,2.59,"Aq","#FFFF33"
5,30,15,22.5,"N",0.147058823529412,"aquitanian",23.03,21.735,20.44,2.59,"Aq","#FFFF33"
6,15,0,7.5,"N",0.290697674418605,"aquitanian",23.03,21.735,20.44,2.59,"Aq","#FFFF33"
7,0,-15,-7.5,"S",0,"aquitanian",23.03,21.735,20.44,2.59,"Aq","#FFFF33"
8,-15,-30,-22.5,"S",0,"aquitanian",23.03,21.735,20.44,2.59,"Aq","#FFFF33"
9,-30,-45,-37.5,"S",0.925925925925926,"aquitanian",23.03,21.735,20.44,2.59,"Aq","#FFFF33"
10,-45,-60,-52.5,"S",0.391389432485323,"aquitanian",23.03,21.735,20.44,2.59,"Aq","#FFFF33"
11,-60,-75,-67.5,"S",0,"aquitanian",23.03,21.735,20.44,2.59,"Aq","#FFFF33"
12,-75,-90,-82.5,"S",0,"aquitanian",23.03,21.735,20.44,2.59,"Aq","#FFFF33"
1,90,75,82.5,"N",0,"chattian",28.1,25.565,23.03,5.07,"Cht","#FEE6AA"
2,75,60,67.5,"N",0,"chattian",28.1,25.565,23.03,5.07,"Cht","#FEE6AA"
3,60,45,52.5,"N",1.25,"chattian",28.1,25.565,23.03,5.07,"Cht","#FEE6AA"
4,45,30,37.5,"N",1.32113821138211,"chattian",28.1,25.565,23.03,5.07,"Cht","#FEE6AA"
5,30,15,22.5,"N",0.26246719160105,"chattian",28.1,25.565,23.03,5.07,"Cht","#FEE6AA"
6,15,0,7.5,"N",0,"chattian",28.1,25.565,23.03,5.07,"Cht","#FEE6AA"
7,0,-15,-7.5,"S",0,"chattian",28.1,25.565,23.03,5.07,"Cht","#FEE6AA"
8,-15,-30,-22.5,"S",0,"chattian",28.1,25.565,23.03,5.07,"Cht","#FEE6AA"
9,-30,-45,-37.5,"S",0.37243947858473,"chattian",28.1,25.565,23.03,5.07,"Cht","#FEE6AA"
10,-45,-60,-52.5,"S",0.439882697947214,"chattian",28.1,25.565,23.03,5.07,"Cht","#FEE6AA"
11,-60,-75,-67.5,"S",0,"chattian",28.1,25.565,23.03,5.07,"Cht","#FEE6AA"
12,-75,-90,-82.5,"S",0,"chattian",28.1,25.565,23.03,5.07,"Cht","#FEE6AA"
1,90,75,82.5,"N",0,"rupelian",33.9,31,28.1,5.8,"Rp","#FED99A"
2,75,60,67.5,"N",0.1230012300123,"rupelian",33.9,31,28.1,5.8,"Rp","#FED99A"
3,60,45,52.5,"N",1.60599571734475,"rupelian",33.9,31,28.1,5.8,"Rp","#FED99A"
4,45,30,37.5,"N",3.78863409770688,"rupelian",33.9,31,28.1,5.8,"Rp","#FED99A"
5,30,15,22.5,"N",0.801832760595647,"rupelian",33.9,31,28.1,5.8,"Rp","#FED99A"
6,15,0,7.5,"N",0.180831826401447,"rupelian",33.9,31,28.1,5.8,"Rp","#FED99A"
7,0,-15,-7.5,"S",0,"rupelian",33.9,31,28.1,5.8,"Rp","#FED99A"
8,-15,-30,-22.5,"S",0,"rupelian",33.9,31,28.1,5.8,"Rp","#FED99A"
9,-30,-45,-37.5,"S",0,"rupelian",33.9,31,28.1,5.8,"Rp","#FED99A"
10,-45,-60,-52.5,"S",0.289435600578871,"rupelian",33.9,31,28.1,5.8,"Rp","#FED99A"
11,-60,-75,-67.5,"S",0,"rupelian",33.9,31,28.1,5.8,"Rp","#FED99A"
12,-75,-90,-82.5,"S",0,"rupelian",33.9,31,28.1,5.8,"Rp","#FED99A"
1,90,75,82.5,"N",0,"priabonian",38,35.95,33.9,4.1,"Prb","#FDCDA1"
2,75,60,67.5,"N",0,"priabonian",38,35.95,33.9,4.1,"Prb","#FDCDA1"
3,60,45,52.5,"N",0.931098696461825,"priabonian",38,35.95,33.9,4.1,"Prb","#FDCDA1"
4,45,30,37.5,"N",4.81513327601032,"priabonian",38,35.95,33.9,4.1,"Prb","#FDCDA1"
5,30,15,22.5,"N",0.181323662737987,"priabonian",38,35.95,33.9,4.1,"Prb","#FDCDA1"
6,15,0,7.5,"N",0.13986013986014,"priabonian",38,35.95,33.9,4.1,"Prb","#FDCDA1"
7,0,-15,-7.5,"S",0,"priabonian",38,35.95,33.9,4.1,"Prb","#FDCDA1"
8,-15,-30,-22.5,"S",0,"priabonian",38,35.95,33.9,4.1,"Prb","#FDCDA1"
9,-30,-45,-37.5,"S",0.429184549356223,"priabonian",38,35.95,33.9,4.1,"Prb","#FDCDA1"
10,-45,-60,-52.5,"S",0.972222222222222,"priabonian",38,35.95,33.9,4.1,"Prb","#FDCDA1"
11,-60,-75,-67.5,"S",0,"priabonian",38,35.95,33.9,4.1,"Prb","#FDCDA1"
12,-75,-90,-82.5,"S",0,"priabonian",38,35.95,33.9,4.1,"Prb","#FDCDA1"
1,90,75,82.5,"N",0,"bartonian",41.3,39.65,38,3.3,"Brt","#FDC091"
2,75,60,67.5,"N",0,"bartonian",41.3,39.65,38,3.3,"Brt","#FDC091"
3,60,45,52.5,"N",0.1743679163034,"bartonian",41.3,39.65,38,3.3,"Brt","#FDC091"
4,45,30,37.5,"N",2.43288590604027,"bartonian",41.3,39.65,38,3.3,"Brt","#FDC091"
5,30,15,22.5,"N",0.238095238095238,"bartonian",41.3,39.65,38,3.3,"Brt","#FDC091"
6,15,0,7.5,"N",0,"bartonian",41.3,39.65,38,3.3,"Brt","#FDC091"
7,0,-15,-7.5,"S",0,"bartonian",41.3,39.65,38,3.3,"Brt","#FDC091"
8,-15,-30,-22.5,"S",0.245700245700246,"bartonian",41.3,39.65,38,3.3,"Brt","#FDC091"
9,-30,-45,-37.5,"S",0.385356454720617,"bartonian",41.3,39.65,38,3.3,"Brt","#FDC091"
10,-45,-60,-52.5,"S",0.136239782016349,"bartonian",41.3,39.65,38,3.3,"Brt","#FDC091"
11,-60,-75,-67.5,"S",0,"bartonian",41.3,39.65,38,3.3,"Brt","#FDC091"
12,-75,-90,-82.5,"S",0,"bartonian",41.3,39.65,38,3.3,"Brt","#FDC091"
1,90,75,82.5,"N",0,"lutetian",47.8,44.55,41.3,6.5,"Lt","#FCB482"
2,75,60,67.5,"N",0,"lutetian",47.8,44.55,41.3,6.5,"Lt","#FCB482"
3,60,45,52.5,"N",0.088809946714032,"lutetian",47.8,44.55,41.3,6.5,"Lt","#FCB482"
4,45,30,37.5,"N",2.34375,"lutetian",47.8,44.55,41.3,6.5,"Lt","#FCB482"
5,30,15,22.5,"N",0.467289719626168,"lutetian",47.8,44.55,41.3,6.5,"Lt","#FCB482"
6,15,0,7.5,"N",1.19904076738609,"lutetian",47.8,44.55,41.3,6.5,"Lt","#FCB482"
7,0,-15,-7.5,"S",0,"lutetian",47.8,44.55,41.3,6.5,"Lt","#FCB482"
8,-15,-30,-22.5,"S",0,"lutetian",47.8,44.55,41.3,6.5,"Lt","#FCB482"
9,-30,-45,-37.5,"S",0.180831826401447,"lutetian",47.8,44.55,41.3,6.5,"Lt","#FCB482"
10,-45,-60,-52.5,"S",0,"lutetian",47.8,44.55,41.3,6.5,"Lt","#FCB482"
11,-60,-75,-67.5,"S",0,"lutetian",47.8,44.55,41.3,6.5,"Lt","#FCB482"
12,-75,-90,-82.5,"S",0,"lutetian",47.8,44.55,41.3,6.5,"Lt","#FCB482"
1,90,75,82.5,"N",0,"ypresian",56,51.9,47.8,8.2,"Y","#FCA773"
2,75,60,67.5,"N",0,"ypresian",56,51.9,47.8,8.2,"Y","#FCA773"
3,60,45,52.5,"N",0.206185567010309,"ypresian",56,51.9,47.8,8.2,"Y","#FCA773"
4,45,30,37.5,"N",2.22222222222222,"ypresian",56,51.9,47.8,8.2,"Y","#FCA773"
5,30,15,22.5,"N",0.849617672047579,"ypresian",56,51.9,47.8,8.2,"Y","#FCA773"
6,15,0,7.5,"N",0.975081256771398,"ypresian",56,51.9,47.8,8.2,"Y","#FCA773"
7,0,-15,-7.5,"S",0.552486187845304,"ypresian",56,51.9,47.8,8.2,"Y","#FCA773"
8,-15,-30,-22.5,"S",0,"ypresian",56,51.9,47.8,8.2,"Y","#FCA773"
9,-30,-45,-37.5,"S",0.348432055749129,"ypresian",56,51.9,47.8,8.2,"Y","#FCA773"
10,-45,-60,-52.5,"S",0,"ypresian",56,51.9,47.8,8.2,"Y","#FCA773"
11,-60,-75,-67.5,"S",0,"ypresian",56,51.9,47.8,8.2,"Y","#FCA773"
12,-75,-90,-82.5,"S",0,"ypresian",56,51.9,47.8,8.2,"Y","#FCA773"
1,90,75,82.5,"N",0,"thanetian",59.2,57.6,56,3.2,"Th","#FDBF6F"
2,75,60,67.5,"N",0,"thanetian",59.2,57.6,56,3.2,"Th","#FDBF6F"
3,60,45,52.5,"N",0,"thanetian",59.2,57.6,56,3.2,"Th","#FDBF6F"
4,45,30,37.5,"N",1.33333333333333,"thanetian",59.2,57.6,56,3.2,"Th","#FDBF6F"
5,30,15,22.5,"N",0.596252129471891,"thanetian",59.2,57.6,56,3.2,"Th","#FDBF6F"
6,15,0,7.5,"N",0,"thanetian",59.2,57.6,56,3.2,"Th","#FDBF6F"
7,0,-15,-7.5,"S",0.203252032520325,"thanetian",59.2,57.6,56,3.2,"Th","#FDBF6F"
8,-15,-30,-22.5,"S",0.25974025974026,"thanetian",59.2,57.6,56,3.2,"Th","#FDBF6F"
9,-30,-45,-37.5,"S",0,"thanetian",59.2,57.6,56,3.2,"Th","#FDBF6F"
10,-45,-60,-52.5,"S",0,"thanetian",59.2,57.6,56,3.2,"Th","#FDBF6F"
11,-60,-75,-67.5,"S",0,"thanetian",59.2,57.6,56,3.2,"Th","#FDBF6F"
12,-75,-90,-82.5,"S",0,"thanetian",59.2,57.6,56,3.2,"Th","#FDBF6F"
1,90,75,82.5,"N",0,"selandian",61.6,60.4,59.2,2.4,"Sl","#FEBF65"
2,75,60,67.5,"N",0,"selandian",61.6,60.4,59.2,2.4,"Sl","#FEBF65"
3,60,45,52.5,"N",0,"selandian",61.6,60.4,59.2,2.4,"Sl","#FEBF65"
4,45,30,37.5,"N",0.380807311500381,"selandian",61.6,60.4,59.2,2.4,"Sl","#FEBF65"
5,30,15,22.5,"N",0.087260034904014,"selandian",61.6,60.4,59.2,2.4,"Sl","#FEBF65"
6,15,0,7.5,"N",0.134408602150538,"selandian",61.6,60.4,59.2,2.4,"Sl","#FEBF65"
7,0,-15,-7.5,"S",0,"selandian",61.6,60.4,59.2,2.4,"Sl","#FEBF65"
8,-15,-30,-22.5,"S",0,"selandian",61.6,60.4,59.2,2.4,"Sl","#FEBF65"
9,-30,-45,-37.5,"S",0,"selandian",61.6,60.4,59.2,2.4,"Sl","#FEBF65"
10,-45,-60,-52.5,"S",0,"selandian",61.6,60.4,59.2,2.4,"Sl","#FEBF65"
11,-60,-75,-67.5,"S",0,"selandian",61.6,60.4,59.2,2.4,"Sl","#FEBF65"
12,-75,-90,-82.5,"S",0,"selandian",61.6,60.4,59.2,2.4,"Sl","#FEBF65"
1,90,75,82.5,"N",0,"danian",66,63.8,61.6,4.4,"Dn","#FDB462"
2,75,60,67.5,"N",0,"danian",66,63.8,61.6,4.4,"Dn","#FDB462"
3,60,45,52.5,"N",0.403768506056528,"danian",66,63.8,61.6,4.4,"Dn","#FDB462"
4,45,30,37.5,"N",2.36406619385343,"danian",66,63.8,61.6,4.4,"Dn","#FDB462"
5,30,15,22.5,"N",0.445632798573975,"danian",66,63.8,61.6,4.4,"Dn","#FDB462"
6,15,0,7.5,"N",0,"danian",66,63.8,61.6,4.4,"Dn","#FDB462"
7,0,-15,-7.5,"S",0,"danian",66,63.8,61.6,4.4,"Dn","#FDB462"
8,-15,-30,-22.5,"S",0,"danian",66,63.8,61.6,4.4,"Dn","#FDB462"
9,-30,-45,-37.5,"S",0.29806259314456,"danian",66,63.8,61.6,4.4,"Dn","#FDB462"
10,-45,-60,-52.5,"S",0.261096605744125,"danian",66,63.8,61.6,4.4,"Dn","#FDB462"
11,-60,-75,-67.5,"S",0,"danian",66,63.8,61.6,4.4,"Dn","#FDB462"
12,-75,-90,-82.5,"S",0,"danian",66,63.8,61.6,4.4,"Dn","#FDB462"
1,90,75,82.5,"N",0.0551267916207277,"maastrichtian",72.1,69.05,66,6.1,"Mst","#F2FA8C"
2,75,60,67.5,"N",0,"maastrichtian",72.1,69.05,66,6.1,"Mst","#F2FA8C"
3,60,45,52.5,"N",0.459981600735971,"maastrichtian",72.1,69.05,66,6.1,"Mst","#F2FA8C"
4,45,30,37.5,"N",5.89417280643001,"maastrichtian",72.1,69.05,66,6.1,"Mst","#F2FA8C"
5,30,15,22.5,"N",3.52536543422184,"maastrichtian",72.1,69.05,66,6.1,"Mst","#F2FA8C"
6,15,0,7.5,"N",1.50273224043716,"maastrichtian",72.1,69.05,66,6.1,"Mst","#F2FA8C"
7,0,-15,-7.5,"S",0,"maastrichtian",72.1,69.05,66,6.1,"Mst","#F2FA8C"
8,-15,-30,-22.5,"S",1.46520146520147,"maastrichtian",72.1,69.05,66,6.1,"Mst","#F2FA8C"
9,-30,-45,-37.5,"S",0.636942675159236,"maastrichtian",72.1,69.05,66,6.1,"Mst","#F2FA8C"
10,-45,-60,-52.5,"S",0.302571860816944,"maastrichtian",72.1,69.05,66,6.1,"Mst","#F2FA8C"
11,-60,-75,-67.5,"S",0,"maastrichtian",72.1,69.05,66,6.1,"Mst","#F2FA8C"
12,-75,-90,-82.5,"S",0,"maastrichtian",72.1,69.05,66,6.1,"Mst","#F2FA8C"
1,90,75,82.5,"N",0.212494687632809,"campanian",83.6,77.85,72.1,11.5,"Cm","#E6F47F"
2,75,60,67.5,"N",0.258564964447317,"campanian",83.6,77.85,72.1,11.5,"Cm","#E6F47F"
3,60,45,52.5,"N",1.62790697674419,"campanian",83.6,77.85,72.1,11.5,"Cm","#E6F47F"
4,45,30,37.5,"N",2.61044176706827,"campanian",83.6,77.85,72.1,11.5,"Cm","#E6F47F"
5,30,15,22.5,"N",2.30088495575221,"campanian",83.6,77.85,72.1,11.5,"Cm","#E6F47F"
6,15,0,7.5,"N",0.117096018735363,"campanian",83.6,77.85,72.1,11.5,"Cm","#E6F47F"
7,0,-15,-7.5,"S",0,"campanian",83.6,77.85,72.1,11.5,"Cm","#E6F47F"
8,-15,-30,-22.5,"S",0,"campanian",83.6,77.85,72.1,11.5,"Cm","#E6F47F"
9,-30,-45,-37.5,"S",0,"campanian",83.6,77.85,72.1,11.5,"Cm","#E6F47F"
10,-45,-60,-52.5,"S",0,"campanian",83.6,77.85,72.1,11.5,"Cm","#E6F47F"
11,-60,-75,-67.5,"S",0,"campanian",83.6,77.85,72.1,11.5,"Cm","#E6F47F"
12,-75,-90,-82.5,"S",0,"campanian",83.6,77.85,72.1,11.5,"Cm","#E6F47F"
1,90,75,82.5,"N",0,"santonian",86.3,84.95,83.6,2.7,"Snt","#D9EF74"
2,75,60,67.5,"N",0,"santonian",86.3,84.95,83.6,2.7,"Snt","#D9EF74"
3,60,45,52.5,"N",0.583941605839416,"santonian",86.3,84.95,83.6,2.7,"Snt","#D9EF74"
4,45,30,37.5,"N",2.11118930330753,"santonian",86.3,84.95,83.6,2.7,"Snt","#D9EF74"
5,30,15,22.5,"N",0.886699507389163,"santonian",86.3,84.95,83.6,2.7,"Snt","#D9EF74"
6,15,0,7.5,"N",0,"santonian",86.3,84.95,83.6,2.7,"Snt","#D9EF74"
7,0,-15,-7.5,"S",0,"santonian",86.3,84.95,83.6,2.7,"Snt","#D9EF74"
8,-15,-30,-22.5,"S",0,"santonian",86.3,84.95,83.6,2.7,"Snt","#D9EF74"
9,-30,-45,-37.5,"S",0,"santonian",86.3,84.95,83.6,2.7,"Snt","#D9EF74"
10,-45,-60,-52.5,"S",0,"santonian",86.3,84.95,83.6,2.7,"Snt","#D9EF74"
11,-60,-75,-67.5,"S",0,"santonian",86.3,84.95,83.6,2.7,"Snt","#D9EF74"
12,-75,-90,-82.5,"S",0,"santonian",86.3,84.95,83.6,2.7,"Snt","#D9EF74"
1,90,75,82.5,"N",0,"coniacian",89.8,88.05,86.3,3.5,"Cnc","#CCE968"
2,75,60,67.5,"N",0,"coniacian",89.8,88.05,86.3,3.5,"Cnc","#CCE968"
3,60,45,52.5,"N",0.70323488045007,"coniacian",89.8,88.05,86.3,3.5,"Cnc","#CCE968"
4,45,30,37.5,"N",1.65175498967653,"coniacian",89.8,88.05,86.3,3.5,"Cnc","#CCE968"
5,30,15,22.5,"N",0.459558823529412,"coniacian",89.8,88.05,86.3,3.5,"Cnc","#CCE968"
6,15,0,7.5,"N",0.13531799729364,"coniacian",89.8,88.05,86.3,3.5,"Cnc","#CCE968"
7,0,-15,-7.5,"S",0,"coniacian",89.8,88.05,86.3,3.5,"Cnc","#CCE968"
8,-15,-30,-22.5,"S",0,"coniacian",89.8,88.05,86.3,3.5,"Cnc","#CCE968"
9,-30,-45,-37.5,"S",0,"coniacian",89.8,88.05,86.3,3.5,"Cnc","#CCE968"
10,-45,-60,-52.5,"S",0,"coniacian",89.8,88.05,86.3,3.5,"Cnc","#CCE968"
11,-60,-75,-67.5,"S",0,"coniacian",89.8,88.05,86.3,3.5,"Cnc","#CCE968"
12,-75,-90,-82.5,"S",0,"coniacian",89.8,88.05,86.3,3.5,"Cnc","#CCE968"
1,90,75,82.5,"N",0,"turonian",93.9,91.85,89.8,4.1,"Trnn","#BFE35D"
2,75,60,67.5,"N",0.105652403592182,"turonian",93.9,91.85,89.8,4.1,"Trnn","#BFE35D"
3,60,45,52.5,"N",1.77327422419253,"turonian",93.9,91.85,89.8,4.1,"Trnn","#BFE35D"
4,45,30,37.5,"N",2.95103957075788,"turonian",93.9,91.85,89.8,4.1,"Trnn","#BFE35D"
5,30,15,22.5,"N",0.81374321880651,"turonian",93.9,91.85,89.8,4.1,"Trnn","#BFE35D"
6,15,0,7.5,"N",0.131061598951507,"turonian",93.9,91.85,89.8,4.1,"Trnn","#BFE35D"
7,0,-15,-7.5,"S",0,"turonian",93.9,91.85,89.8,4.1,"Trnn","#BFE35D"
8,-15,-30,-22.5,"S",0,"turonian",93.9,91.85,89.8,4.1,"Trnn","#BFE35D"
9,-30,-45,-37.5,"S",0,"turonian",93.9,91.85,89.8,4.1,"Trnn","#BFE35D"
10,-45,-60,-52.5,"S",0,"turonian",93.9,91.85,89.8,4.1,"Trnn","#BFE35D"
11,-60,-75,-67.5,"S",0,"turonian",93.9,91.85,89.8,4.1,"Trnn","#BFE35D"
12,-75,-90,-82.5,"S",0,"turonian",93.9,91.85,89.8,4.1,"Trnn","#BFE35D"
1,90,75,82.5,"N",0,"cenomanian",100.5,97.2,93.9,6.6,"Cnm","#B3DE53"
2,75,60,67.5,"N",0.313479623824451,"cenomanian",100.5,97.2,93.9,6.6,"Cnm","#B3DE53"
3,60,45,52.5,"N",2.39520958083832,"cenomanian",100.5,97.2,93.9,6.6,"Cnm","#B3DE53"
4,45,30,37.5,"N",2.80504908835905,"cenomanian",100.5,97.2,93.9,6.6,"Cnm","#B3DE53"
5,30,15,22.5,"N",1.30353817504655,"cenomanian",100.5,97.2,93.9,6.6,"Cnm","#B3DE53"
6,15,0,7.5,"N",0.378787878787879,"cenomanian",100.5,97.2,93.9,6.6,"Cnm","#B3DE53"
7,0,-15,-7.5,"S",0.552486187845304,"cenomanian",100.5,97.2,93.9,6.6,"Cnm","#B3DE53"
8,-15,-30,-22.5,"S",0,"cenomanian",100.5,97.2,93.9,6.6,"Cnm","#B3DE53"
9,-30,-45,-37.5,"S",0,"cenomanian",100.5,97.2,93.9,6.6,"Cnm","#B3DE53"
10,-45,-60,-52.5,"S",0.3584229390681,"cenomanian",100.5,97.2,93.9,6.6,"Cnm","#B3DE53"
11,-60,-75,-67.5,"S",0,"cenomanian",100.5,97.2,93.9,6.6,"Cnm","#B3DE53"
12,-75,-90,-82.5,"S",0,"cenomanian",100.5,97.2,93.9,6.6,"Cnm","#B3DE53"
1,90,75,82.5,"N",0.207540643375994,"albian",113,106.75,100.5,12.5,"Alb","#CCEA97"
2,75,60,67.5,"N",1.67633784655061,"albian",113,106.75,100.5,12.5,"Alb","#CCEA97"
3,60,45,52.5,"N",2.80448717948718,"albian",113,106.75,100.5,12.5,"Alb","#CCEA97"
4,45,30,37.5,"N",5.66465256797583,"albian",113,106.75,100.5,12.5,"Alb","#CCEA97"
5,30,15,22.5,"N",1.40056022408964,"albian",113,106.75,100.5,12.5,"Alb","#CCEA97"
6,15,0,7.5,"N",1.46198830409357,"albian",113,106.75,100.5,12.5,"Alb","#CCEA97"
7,0,-15,-7.5,"S",0.229357798165138,"albian",113,106.75,100.5,12.5,"Alb","#CCEA97"
8,-15,-30,-22.5,"S",0,"albian",113,106.75,100.5,12.5,"Alb","#CCEA97"
9,-30,-45,-37.5,"S",0.17825311942959,"albian",113,106.75,100.5,12.5,"Alb","#CCEA97"
10,-45,-60,-52.5,"S",0,"albian",113,106.75,100.5,12.5,"Alb","#CCEA97"
11,-60,-75,-67.5,"S",0.442086648983201,"albian",113,106.75,100.5,12.5,"Alb","#CCEA97"
12,-75,-90,-82.5,"S",0,"albian",113,106.75,100.5,12.5,"Alb","#CCEA97"
1,90,75,82.5,"N",0.0367782272894447,"aptian",125,119,113,12,"Ap","#BFE48A"
2,75,60,67.5,"N",0.330760749724366,"aptian",125,119,113,12,"Ap","#BFE48A"
3,60,45,52.5,"N",0,"aptian",125,119,113,12,"Ap","#BFE48A"
4,45,30,37.5,"N",3.68150684931507,"aptian",125,119,113,12,"Ap","#BFE48A"
5,30,15,22.5,"N",1.0840108401084,"aptian",125,119,113,12,"Ap","#BFE48A"
6,15,0,7.5,"N",0.33955857385399,"aptian",125,119,113,12,"Ap","#BFE48A"
7,0,-15,-7.5,"S",0.425531914893617,"aptian",125,119,113,12,"Ap","#BFE48A"
8,-15,-30,-22.5,"S",0,"aptian",125,119,113,12,"Ap","#BFE48A"
9,-30,-45,-37.5,"S",0,"aptian",125,119,113,12,"Ap","#BFE48A"
10,-45,-60,-52.5,"S",0.0794912559618442,"aptian",125,119,113,12,"Ap","#BFE48A"
11,-60,-75,-67.5,"S",0.586080586080586,"aptian",125,119,113,12,"Ap","#BFE48A"
12,-75,-90,-82.5,"S",0,"aptian",125,119,113,12,"Ap","#BFE48A"
1,90,75,82.5,"N",0,"barremian",129.4,127.2,125,4.4,"Brrm","#B3DF7F"
2,75,60,67.5,"N",0.099403578528827,"barremian",129.4,127.2,125,4.4,"Brrm","#B3DF7F"
3,60,45,52.5,"N",0.140056022408964,"barremian",129.4,127.2,125,4.4,"Brrm","#B3DF7F"
4,45,30,37.5,"N",1.22824974411464,"barremian",129.4,127.2,125,4.4,"Brrm","#B3DF7F"
5,30,15,22.5,"N",0.693240901213172,"barremian",129.4,127.2,125,4.4,"Brrm","#B3DF7F"
6,15,0,7.5,"N",1.97132616487455,"barremian",129.4,127.2,125,4.4,"Brrm","#B3DF7F"
7,0,-15,-7.5,"S",0,"barremian",129.4,127.2,125,4.4,"Brrm","#B3DF7F"
8,-15,-30,-22.5,"S",0,"barremian",129.4,127.2,125,4.4,"Brrm","#B3DF7F"
9,-30,-45,-37.5,"S",0,"barremian",129.4,127.2,125,4.4,"Brrm","#B3DF7F"
10,-45,-60,-52.5,"S",0,"barremian",129.4,127.2,125,4.4,"Brrm","#B3DF7F"
11,-60,-75,-67.5,"S",0,"barremian",129.4,127.2,125,4.4,"Brrm","#B3DF7F"
12,-75,-90,-82.5,"S",0,"barremian",129.4,127.2,125,4.4,"Brrm","#B3DF7F"
1,90,75,82.5,"N",0.0273298715496037,"hauterivian",132.9,131.15,129.4,3.5,"Htr","#A6D975"
2,75,60,67.5,"N",0.249376558603491,"hauterivian",132.9,131.15,129.4,3.5,"Htr","#A6D975"
3,60,45,52.5,"N",0.10989010989011,"hauterivian",132.9,131.15,129.4,3.5,"Htr","#A6D975"
4,45,30,37.5,"N",1.99004975124378,"hauterivian",132.9,131.15,129.4,3.5,"Htr","#A6D975"
5,30,15,22.5,"N",0.928505106778087,"hauterivian",132.9,131.15,129.4,3.5,"Htr","#A6D975"
6,15,0,7.5,"N",0.334448160535117,"hauterivian",132.9,131.15,129.4,3.5,"Htr","#A6D975"
7,0,-15,-7.5,"S",0,"hauterivian",132.9,131.15,129.4,3.5,"Htr","#A6D975"
8,-15,-30,-22.5,"S",0.341296928327645,"hauterivian",132.9,131.15,129.4,3.5,"Htr","#A6D975"
9,-30,-45,-37.5,"S",0,"hauterivian",132.9,131.15,129.4,3.5,"Htr","#A6D975"
10,-45,-60,-52.5,"S",0,"hauterivian",132.9,131.15,129.4,3.5,"Htr","#A6D975"
11,-60,-75,-67.5,"S",0.0920810313075506,"hauterivian",132.9,131.15,129.4,3.5,"Htr","#A6D975"
12,-75,-90,-82.5,"S",0,"hauterivian",132.9,131.15,129.4,3.5,"Htr","#A6D975"
1,90,75,82.5,"N",0.101867572156197,"valanginian",139.8,136.35,132.9,6.9,"Vl","#99D36A"
2,75,60,67.5,"N",0.602772754671489,"valanginian",139.8,136.35,132.9,6.9,"Vl","#99D36A"
3,60,45,52.5,"N",0.82063305978898,"valanginian",139.8,136.35,132.9,6.9,"Vl","#99D36A"
4,45,30,37.5,"N",1.31578947368421,"valanginian",139.8,136.35,132.9,6.9,"Vl","#99D36A"
5,30,15,22.5,"N",0.81008100810081,"valanginian",139.8,136.35,132.9,6.9,"Vl","#99D36A"
6,15,0,7.5,"N",0.332778702163062,"valanginian",139.8,136.35,132.9,6.9,"Vl","#99D36A"
7,0,-15,-7.5,"S",0.555555555555556,"valanginian",139.8,136.35,132.9,6.9,"Vl","#99D36A"
8,-15,-30,-22.5,"S",0,"valanginian",139.8,136.35,132.9,6.9,"Vl","#99D36A"
9,-30,-45,-37.5,"S",0.211416490486258,"valanginian",139.8,136.35,132.9,6.9,"Vl","#99D36A"
10,-45,-60,-52.5,"S",0,"valanginian",139.8,136.35,132.9,6.9,"Vl","#99D36A"
11,-60,-75,-67.5,"S",0,"valanginian",139.8,136.35,132.9,6.9,"Vl","#99D36A"
12,-75,-90,-82.5,"S",0,"valanginian",139.8,136.35,132.9,6.9,"Vl","#99D36A"
1,90,75,82.5,"N",0,"berriasian",145,142.4,139.8,5.2,"Brrs","#8CCD60"
2,75,60,67.5,"N",0.214822771213749,"berriasian",145,142.4,139.8,5.2,"Brrs","#8CCD60"
3,60,45,52.5,"N",1.63111668757842,"berriasian",145,142.4,139.8,5.2,"Brrs","#8CCD60"
4,45,30,37.5,"N",3.15656565656566,"berriasian",145,142.4,139.8,5.2,"Brrs","#8CCD60"
5,30,15,22.5,"N",1.59453302961276,"berriasian",145,142.4,139.8,5.2,"Brrs","#8CCD60"
6,15,0,7.5,"N",0.437956204379562,"berriasian",145,142.4,139.8,5.2,"Brrs","#8CCD60"
7,0,-15,-7.5,"S",0.45045045045045,"berriasian",145,142.4,139.8,5.2,"Brrs","#8CCD60"
8,-15,-30,-22.5,"S",0,"berriasian",145,142.4,139.8,5.2,"Brrs","#8CCD60"
9,-30,-45,-37.5,"S",0.27972027972028,"berriasian",145,142.4,139.8,5.2,"Brrs","#8CCD60"
10,-45,-60,-52.5,"S",0,"berriasian",145,142.4,139.8,5.2,"Brrs","#8CCD60"
11,-60,-75,-67.5,"S",0.185185185185185,"berriasian",145,142.4,139.8,5.2,"Brrs","#8CCD60"
12,-75,-90,-82.5,"S",0,"berriasian",145,142.4,139.8,5.2,"Brrs","#8CCD60"
1,90,75,82.5,"N",0,"tithonian",152.1,148.55,145,7.1,"Tt","#D9F1F7"
2,75,60,67.5,"N",0.267522739432852,"tithonian",152.1,148.55,145,7.1,"Tt","#D9F1F7"
3,60,45,52.5,"N",1.52582159624413,"tithonian",152.1,148.55,145,7.1,"Tt","#D9F1F7"
4,45,30,37.5,"N",4.04127257093723,"tithonian",152.1,148.55,145,7.1,"Tt","#D9F1F7"
5,30,15,22.5,"N",2.07351555136664,"tithonian",152.1,148.55,145,7.1,"Tt","#D9F1F7"
6,15,0,7.5,"N",1.06221547799697,"tithonian",152.1,148.55,145,7.1,"Tt","#D9F1F7"
7,0,-15,-7.5,"S",0.338983050847458,"tithonian",152.1,148.55,145,7.1,"Tt","#D9F1F7"
8,-15,-30,-22.5,"S",0.404040404040404,"tithonian",152.1,148.55,145,7.1,"Tt","#D9F1F7"
9,-30,-45,-37.5,"S",0.268456375838926,"tithonian",152.1,148.55,145,7.1,"Tt","#D9F1F7"
10,-45,-60,-52.5,"S",0,"tithonian",152.1,148.55,145,7.1,"Tt","#D9F1F7"
11,-60,-75,-67.5,"S",0.617283950617284,"tithonian",152.1,148.55,145,7.1,"Tt","#D9F1F7"
12,-75,-90,-82.5,"S",0,"tithonian",152.1,148.55,145,7.1,"Tt","#D9F1F7"
1,90,75,82.5,"N",0,"kimmeridgian",157.3,154.7,152.1,5.2,"Km","#CCECF4"
2,75,60,67.5,"N",0.272331154684096,"kimmeridgian",157.3,154.7,152.1,5.2,"Km","#CCECF4"
3,60,45,52.5,"N",0.435729847494553,"kimmeridgian",157.3,154.7,152.1,5.2,"Km","#CCECF4"
4,45,30,37.5,"N",2.2568093385214,"kimmeridgian",157.3,154.7,152.1,5.2,"Km","#CCECF4"
5,30,15,22.5,"N",1.36186770428016,"kimmeridgian",157.3,154.7,152.1,5.2,"Km","#CCECF4"
6,15,0,7.5,"N",0.786163522012579,"kimmeridgian",157.3,154.7,152.1,5.2,"Km","#CCECF4"
7,0,-15,-7.5,"S",3.38345864661654,"kimmeridgian",157.3,154.7,152.1,5.2,"Km","#CCECF4"
8,-15,-30,-22.5,"S",2.14521452145215,"kimmeridgian",157.3,154.7,152.1,5.2,"Km","#CCECF4"
9,-30,-45,-37.5,"S",0.133155792276964,"kimmeridgian",157.3,154.7,152.1,5.2,"Km","#CCECF4"
10,-45,-60,-52.5,"S",0,"kimmeridgian",157.3,154.7,152.1,5.2,"Km","#CCECF4"
11,-60,-75,-67.5,"S",0.421052631578947,"kimmeridgian",157.3,154.7,152.1,5.2,"Km","#CCECF4"
12,-75,-90,-82.5,"S",0,"kimmeridgian",157.3,154.7,152.1,5.2,"Km","#CCECF4"
1,90,75,82.5,"N",0,"oxfordian",163.5,160.4,157.3,6.2,"Ox","#BFE7F1"
2,75,60,67.5,"N",0.181050090525045,"oxfordian",163.5,160.4,157.3,6.2,"Ox","#BFE7F1"
3,60,45,52.5,"N",0.195503421309873,"oxfordian",163.5,160.4,157.3,6.2,"Ox","#BFE7F1"
4,45,30,37.5,"N",1.96374622356495,"oxfordian",163.5,160.4,157.3,6.2,"Ox","#BFE7F1"
5,30,15,22.5,"N",1.31694468832309,"oxfordian",163.5,160.4,157.3,6.2,"Ox","#BFE7F1"
6,15,0,7.5,"N",0.606060606060606,"oxfordian",163.5,160.4,157.3,6.2,"Ox","#BFE7F1"
7,0,-15,-7.5,"S",3.46153846153846,"oxfordian",163.5,160.4,157.3,6.2,"Ox","#BFE7F1"
8,-15,-30,-22.5,"S",1.92,"oxfordian",163.5,160.4,157.3,6.2,"Ox","#BFE7F1"
9,-30,-45,-37.5,"S",0.278551532033426,"oxfordian",163.5,160.4,157.3,6.2,"Ox","#BFE7F1"
10,-45,-60,-52.5,"S",0,"oxfordian",163.5,160.4,157.3,6.2,"Ox","#BFE7F1"
11,-60,-75,-67.5,"S",0,"oxfordian",163.5,160.4,157.3,6.2,"Ox","#BFE7F1"
12,-75,-90,-82.5,"S",0,"oxfordian",163.5,160.4,157.3,6.2,"Ox","#BFE7F1"
1,90,75,82.5,"N",0,"callovian",166.1,164.8,163.5,2.6,"Cll","#BFE7E5"
2,75,60,67.5,"N",0.427655024946543,"callovian",166.1,164.8,163.5,2.6,"Cll","#BFE7E5"
3,60,45,52.5,"N",0,"callovian",166.1,164.8,163.5,2.6,"Cll","#BFE7E5"
4,45,30,37.5,"N",2.84256559766764,"callovian",166.1,164.8,163.5,2.6,"Cll","#BFE7E5"
5,30,15,22.5,"N",0.918273645546373,"callovian",166.1,164.8,163.5,2.6,"Cll","#BFE7E5"
6,15,0,7.5,"N",0.806451612903226,"callovian",166.1,164.8,163.5,2.6,"Cll","#BFE7E5"
7,0,-15,-7.5,"S",0.87719298245614,"callovian",166.1,164.8,163.5,2.6,"Cll","#BFE7E5"
8,-15,-30,-22.5,"S",1.31332082551595,"callovian",166.1,164.8,163.5,2.6,"Cll","#BFE7E5"
9,-30,-45,-37.5,"S",0.165837479270315,"callovian",166.1,164.8,163.5,2.6,"Cll","#BFE7E5"
10,-45,-60,-52.5,"S",0,"callovian",166.1,164.8,163.5,2.6,"Cll","#BFE7E5"
11,-60,-75,-67.5,"S",0,"callovian",166.1,164.8,163.5,2.6,"Cll","#BFE7E5"
12,-75,-90,-82.5,"S",0,"callovian",166.1,164.8,163.5,2.6,"Cll","#BFE7E5"
1,90,75,82.5,"N",0,"bathonian",168.3,167.2,166.1,2.2,"Bt","#B3E2E3"
2,75,60,67.5,"N",0,"bathonian",168.3,167.2,166.1,2.2,"Bt","#B3E2E3"
3,60,45,52.5,"N",0.15220700152207,"bathonian",168.3,167.2,166.1,2.2,"Bt","#B3E2E3"
4,45,30,37.5,"N",2.88888888888889,"bathonian",168.3,167.2,166.1,2.2,"Bt","#B3E2E3"
5,30,15,22.5,"N",1.34357005758157,"bathonian",168.3,167.2,166.1,2.2,"Bt","#B3E2E3"
6,15,0,7.5,"N",0.674157303370786,"bathonian",168.3,167.2,166.1,2.2,"Bt","#B3E2E3"
7,0,-15,-7.5,"S",1.41509433962264,"bathonian",168.3,167.2,166.1,2.2,"Bt","#B3E2E3"
8,-15,-30,-22.5,"S",0.829875518672199,"bathonian",168.3,167.2,166.1,2.2,"Bt","#B3E2E3"
9,-30,-45,-37.5,"S",0,"bathonian",168.3,167.2,166.1,2.2,"Bt","#B3E2E3"
10,-45,-60,-52.5,"S",0,"bathonian",168.3,167.2,166.1,2.2,"Bt","#B3E2E3"
11,-60,-75,-67.5,"S",0,"bathonian",168.3,167.2,166.1,2.2,"Bt","#B3E2E3"
12,-75,-90,-82.5,"S",0,"bathonian",168.3,167.2,166.1,2.2,"Bt","#B3E2E3"
1,90,75,82.5,"N",0,"bajocian",170.3,169.3,168.3,2,"Bj","#A6DDE0"
2,75,60,67.5,"N",0,"bajocian",170.3,169.3,168.3,2,"Bj","#A6DDE0"
3,60,45,52.5,"N",0,"bajocian",170.3,169.3,168.3,2,"Bj","#A6DDE0"
4,45,30,37.5,"N",2.24887556221889,"bajocian",170.3,169.3,168.3,2,"Bj","#A6DDE0"
5,30,15,22.5,"N",1.13744075829384,"bajocian",170.3,169.3,168.3,2,"Bj","#A6DDE0"
6,15,0,7.5,"N",0,"bajocian",170.3,169.3,168.3,2,"Bj","#A6DDE0"
7,0,-15,-7.5,"S",0.297619047619048,"bajocian",170.3,169.3,168.3,2,"Bj","#A6DDE0"
8,-15,-30,-22.5,"S",0,"bajocian",170.3,169.3,168.3,2,"Bj","#A6DDE0"
9,-30,-45,-37.5,"S",0.364298724954463,"bajocian",170.3,169.3,168.3,2,"Bj","#A6DDE0"
10,-45,-60,-52.5,"S",0,"bajocian",170.3,169.3,168.3,2,"Bj","#A6DDE0"
11,-60,-75,-67.5,"S",0,"bajocian",170.3,169.3,168.3,2,"Bj","#A6DDE0"
12,-75,-90,-82.5,"S",0.144927536231884,"bajocian",170.3,169.3,168.3,2,"Bj","#A6DDE0"
1,90,75,82.5,"N",0,"aalenian",174.1,172.2,170.3,3.8,"Aln","#9AD9DD"
2,75,60,67.5,"N",0,"aalenian",174.1,172.2,170.3,3.8,"Aln","#9AD9DD"
3,60,45,52.5,"N",0.132100396301189,"aalenian",174.1,172.2,170.3,3.8,"Aln","#9AD9DD"
4,45,30,37.5,"N",0.768639508070715,"aalenian",174.1,172.2,170.3,3.8,"Aln","#9AD9DD"
5,30,15,22.5,"N",0.58252427184466,"aalenian",174.1,172.2,170.3,3.8,"Aln","#9AD9DD"
6,15,0,7.5,"N",0,"aalenian",174.1,172.2,170.3,3.8,"Aln","#9AD9DD"
7,0,-15,-7.5,"S",0,"aalenian",174.1,172.2,170.3,3.8,"Aln","#9AD9DD"
8,-15,-30,-22.5,"S",0,"aalenian",174.1,172.2,170.3,3.8,"Aln","#9AD9DD"
9,-30,-45,-37.5,"S",0.217391304347826,"aalenian",174.1,172.2,170.3,3.8,"Aln","#9AD9DD"
10,-45,-60,-52.5,"S",0,"aalenian",174.1,172.2,170.3,3.8,"Aln","#9AD9DD"
11,-60,-75,-67.5,"S",0,"aalenian",174.1,172.2,170.3,3.8,"Aln","#9AD9DD"
12,-75,-90,-82.5,"S",0.252100840336134,"aalenian",174.1,172.2,170.3,3.8,"Aln","#9AD9DD"
1,90,75,82.5,"N",0,"toarcian",182.7,178.4,174.1,8.6,"Trc","#99CEE3"
2,75,60,67.5,"N",0.475737392959087,"toarcian",182.7,178.4,174.1,8.6,"Trc","#99CEE3"
3,60,45,52.5,"N",0,"toarcian",182.7,178.4,174.1,8.6,"Trc","#99CEE3"
4,45,30,37.5,"N",4.41708906589428,"toarcian",182.7,178.4,174.1,8.6,"Trc","#99CEE3"
5,30,15,22.5,"N",3.34486735870819,"toarcian",182.7,178.4,174.1,8.6,"Trc","#99CEE3"
6,15,0,7.5,"N",0,"toarcian",182.7,178.4,174.1,8.6,"Trc","#99CEE3"
7,0,-15,-7.5,"S",0,"toarcian",182.7,178.4,174.1,8.6,"Trc","#99CEE3"
8,-15,-30,-22.5,"S",0.336700336700337,"toarcian",182.7,178.4,174.1,8.6,"Trc","#99CEE3"
9,-30,-45,-37.5,"S",0.213219616204691,"toarcian",182.7,178.4,174.1,8.6,"Trc","#99CEE3"
10,-45,-60,-52.5,"S",0,"toarcian",182.7,178.4,174.1,8.6,"Trc","#99CEE3"
11,-60,-75,-67.5,"S",0,"toarcian",182.7,178.4,174.1,8.6,"Trc","#99CEE3"
12,-75,-90,-82.5,"S",0,"toarcian",182.7,178.4,174.1,8.6,"Trc","#99CEE3"
1,90,75,82.5,"N",0,"pliensbachian",190.8,186.75,182.7,8.1,"Pl","#80C5DD"
2,75,60,67.5,"N",0.185013876040703,"pliensbachian",190.8,186.75,182.7,8.1,"Pl","#80C5DD"
3,60,45,52.5,"N",0.826446280991736,"pliensbachian",190.8,186.75,182.7,8.1,"Pl","#80C5DD"
4,45,30,37.5,"N",6.22440622440622,"pliensbachian",190.8,186.75,182.7,8.1,"Pl","#80C5DD"
5,30,15,22.5,"N",2.78113663845224,"pliensbachian",190.8,186.75,182.7,8.1,"Pl","#80C5DD"
6,15,0,7.5,"N",0,"pliensbachian",190.8,186.75,182.7,8.1,"Pl","#80C5DD"
7,0,-15,-7.5,"S",0,"pliensbachian",190.8,186.75,182.7,8.1,"Pl","#80C5DD"
8,-15,-30,-22.5,"S",0.540540540540541,"pliensbachian",190.8,186.75,182.7,8.1,"Pl","#80C5DD"
9,-30,-45,-37.5,"S",0,"pliensbachian",190.8,186.75,182.7,8.1,"Pl","#80C5DD"
10,-45,-60,-52.5,"S",0,"pliensbachian",190.8,186.75,182.7,8.1,"Pl","#80C5DD"
11,-60,-75,-67.5,"S",0,"pliensbachian",190.8,186.75,182.7,8.1,"Pl","#80C5DD"
12,-75,-90,-82.5,"S",0,"pliensbachian",190.8,186.75,182.7,8.1,"Pl","#80C5DD"
1,90,75,82.5,"N",0,"sinemurian",199.3,195.05,190.8,8.5,"Snm","#67BCD8"
2,75,60,67.5,"N",0,"sinemurian",199.3,195.05,190.8,8.5,"Snm","#67BCD8"
3,60,45,52.5,"N",0.284697508896797,"sinemurian",199.3,195.05,190.8,8.5,"Snm","#67BCD8"
4,45,30,37.5,"N",1.15321252059308,"sinemurian",199.3,195.05,190.8,8.5,"Snm","#67BCD8"
5,30,15,22.5,"N",1.03550295857988,"sinemurian",199.3,195.05,190.8,8.5,"Snm","#67BCD8"
6,15,0,7.5,"N",0,"sinemurian",199.3,195.05,190.8,8.5,"Snm","#67BCD8"
7,0,-15,-7.5,"S",0,"sinemurian",199.3,195.05,190.8,8.5,"Snm","#67BCD8"
8,-15,-30,-22.5,"S",0,"sinemurian",199.3,195.05,190.8,8.5,"Snm","#67BCD8"
9,-30,-45,-37.5,"S",0,"sinemurian",199.3,195.05,190.8,8.5,"Snm","#67BCD8"
10,-45,-60,-52.5,"S",0,"sinemurian",199.3,195.05,190.8,8.5,"Snm","#67BCD8"
11,-60,-75,-67.5,"S",0,"sinemurian",199.3,195.05,190.8,8.5,"Snm","#67BCD8"
12,-75,-90,-82.5,"S",0,"sinemurian",199.3,195.05,190.8,8.5,"Snm","#67BCD8"
1,90,75,82.5,"N",0,"hettangian",201.3,200.3,199.3,2,"Htt","#4EB3D3"
2,75,60,67.5,"N",0.111482720178372,"hettangian",201.3,200.3,199.3,2,"Htt","#4EB3D3"
3,60,45,52.5,"N",0.0732064421669107,"hettangian",201.3,200.3,199.3,2,"Htt","#4EB3D3"
4,45,30,37.5,"N",1.88679245283019,"hettangian",201.3,200.3,199.3,2,"Htt","#4EB3D3"
5,30,15,22.5,"N",0,"hettangian",201.3,200.3,199.3,2,"Htt","#4EB3D3"
6,15,0,7.5,"N",0,"hettangian",201.3,200.3,199.3,2,"Htt","#4EB3D3"
7,0,-15,-7.5,"S",0,"hettangian",201.3,200.3,199.3,2,"Htt","#4EB3D3"
8,-15,-30,-22.5,"S",0.223713646532438,"hettangian",201.3,200.3,199.3,2,"Htt","#4EB3D3"
9,-30,-45,-37.5,"S",0,"hettangian",201.3,200.3,199.3,2,"Htt","#4EB3D3"
10,-45,-60,-52.5,"S",0,"hettangian",201.3,200.3,199.3,2,"Htt","#4EB3D3"
11,-60,-75,-67.5,"S",0,"hettangian",201.3,200.3,199.3,2,"Htt","#4EB3D3"
12,-75,-90,-82.5,"S",0,"hettangian",201.3,200.3,199.3,2,"Htt","#4EB3D3"
1,90,75,82.5,"N",0,"rhaetian",208.5,204.9,201.3,7.2,"Rht","#E3B9DB"
2,75,60,67.5,"N",0.267022696929239,"rhaetian",208.5,204.9,201.3,7.2,"Rht","#E3B9DB"
3,60,45,52.5,"N",0,"rhaetian",208.5,204.9,201.3,7.2,"Rht","#E3B9DB"
4,45,30,37.5,"N",2.93296089385475,"rhaetian",208.5,204.9,201.3,7.2,"Rht","#E3B9DB"
5,30,15,22.5,"N",0.815850815850816,"rhaetian",208.5,204.9,201.3,7.2,"Rht","#E3B9DB"
6,15,0,7.5,"N",0.252525252525253,"rhaetian",208.5,204.9,201.3,7.2,"Rht","#E3B9DB"
7,0,-15,-7.5,"S",0,"rhaetian",208.5,204.9,201.3,7.2,"Rht","#E3B9DB"
8,-15,-30,-22.5,"S",0.20746887966805,"rhaetian",208.5,204.9,201.3,7.2,"Rht","#E3B9DB"
9,-30,-45,-37.5,"S",0,"rhaetian",208.5,204.9,201.3,7.2,"Rht","#E3B9DB"
10,-45,-60,-52.5,"S",0,"rhaetian",208.5,204.9,201.3,7.2,"Rht","#E3B9DB"
11,-60,-75,-67.5,"S",0,"rhaetian",208.5,204.9,201.3,7.2,"Rht","#E3B9DB"
12,-75,-90,-82.5,"S",NA,"rhaetian",208.5,204.9,201.3,7.2,"Rht","#E3B9DB"
1,90,75,82.5,"N",0,"norian",228,218.25,208.5,19.5,"N","#D6AAD3"
2,75,60,67.5,"N",1.13421550094518,"norian",228,218.25,208.5,19.5,"N","#D6AAD3"
3,60,45,52.5,"N",0.523560209424084,"norian",228,218.25,208.5,19.5,"N","#D6AAD3"
4,45,30,37.5,"N",0.396301188903567,"norian",228,218.25,208.5,19.5,"N","#D6AAD3"
5,30,15,22.5,"N",1.4903129657228,"norian",228,218.25,208.5,19.5,"N","#D6AAD3"
6,15,0,7.5,"N",0.689655172413793,"norian",228,218.25,208.5,19.5,"N","#D6AAD3"
7,0,-15,-7.5,"S",1.48514851485149,"norian",228,218.25,208.5,19.5,"N","#D6AAD3"
8,-15,-30,-22.5,"S",0.185185185185185,"norian",228,218.25,208.5,19.5,"N","#D6AAD3"
9,-30,-45,-37.5,"S",0,"norian",228,218.25,208.5,19.5,"N","#D6AAD3"
10,-45,-60,-52.5,"S",0,"norian",228,218.25,208.5,19.5,"N","#D6AAD3"
11,-60,-75,-67.5,"S",0,"norian",228,218.25,208.5,19.5,"N","#D6AAD3"
12,-75,-90,-82.5,"S",0,"norian",228,218.25,208.5,19.5,"N","#D6AAD3"
1,90,75,82.5,"N",0.277008310249307,"carnian",237,232.5,228,9,"Cr","#C99BCB"
2,75,60,67.5,"N",0,"carnian",237,232.5,228,9,"Cr","#C99BCB"
3,60,45,52.5,"N",0.920598388952819,"carnian",237,232.5,228,9,"Cr","#C99BCB"
4,45,30,37.5,"N",0.669642857142857,"carnian",237,232.5,228,9,"Cr","#C99BCB"
5,30,15,22.5,"N",0.240384615384615,"carnian",237,232.5,228,9,"Cr","#C99BCB"
6,15,0,7.5,"N",1.65562913907285,"carnian",237,232.5,228,9,"Cr","#C99BCB"
7,0,-15,-7.5,"S",0.490196078431373,"carnian",237,232.5,228,9,"Cr","#C99BCB"
8,-15,-30,-22.5,"S",0.158730158730159,"carnian",237,232.5,228,9,"Cr","#C99BCB"
9,-30,-45,-37.5,"S",0,"carnian",237,232.5,228,9,"Cr","#C99BCB"
10,-45,-60,-52.5,"S",0,"carnian",237,232.5,228,9,"Cr","#C99BCB"
11,-60,-75,-67.5,"S",0,"carnian",237,232.5,228,9,"Cr","#C99BCB"
12,-75,-90,-82.5,"S",0,"carnian",237,232.5,228,9,"Cr","#C99BCB"
1,90,75,82.5,"N",0,"ladinian",242,239.5,237,5,"Ldn","#C983BF"
2,75,60,67.5,"N",0,"ladinian",242,239.5,237,5,"Ldn","#C983BF"
3,60,45,52.5,"N",0.512163892445583,"ladinian",242,239.5,237,5,"Ldn","#C983BF"
4,45,30,37.5,"N",1.18733509234828,"ladinian",242,239.5,237,5,"Ldn","#C983BF"
5,30,15,22.5,"N",1.20845921450151,"ladinian",242,239.5,237,5,"Ldn","#C983BF"
6,15,0,7.5,"N",0.18348623853211,"ladinian",242,239.5,237,5,"Ldn","#C983BF"
7,0,-15,-7.5,"S",0.764818355640535,"ladinian",242,239.5,237,5,"Ldn","#C983BF"
8,-15,-30,-22.5,"S",0.327868852459016,"ladinian",242,239.5,237,5,"Ldn","#C983BF"
9,-30,-45,-37.5,"S",0,"ladinian",242,239.5,237,5,"Ldn","#C983BF"
10,-45,-60,-52.5,"S",0,"ladinian",242,239.5,237,5,"Ldn","#C983BF"
11,-60,-75,-67.5,"S",0,"ladinian",242,239.5,237,5,"Ldn","#C983BF"
12,-75,-90,-82.5,"S",0,"ladinian",242,239.5,237,5,"Ldn","#C983BF"
1,90,75,82.5,"N",0,"anisian",247.2,244.6,242,5.2,"An","#BC75B7"
2,75,60,67.5,"N",0,"anisian",247.2,244.6,242,5.2,"An","#BC75B7"
3,60,45,52.5,"N",0.378310214375788,"anisian",247.2,244.6,242,5.2,"An","#BC75B7"
4,45,30,37.5,"N",1.41570141570142,"anisian",247.2,244.6,242,5.2,"An","#BC75B7"
5,30,15,22.5,"N",2.60756192959583,"anisian",247.2,244.6,242,5.2,"An","#BC75B7"
6,15,0,7.5,"N",0.32520325203252,"anisian",247.2,244.6,242,5.2,"An","#BC75B7"
7,0,-15,-7.5,"S",1.57894736842105,"anisian",247.2,244.6,242,5.2,"An","#BC75B7"
8,-15,-30,-22.5,"S",0.323101777059774,"anisian",247.2,244.6,242,5.2,"An","#BC75B7"
9,-30,-45,-37.5,"S",0,"anisian",247.2,244.6,242,5.2,"An","#BC75B7"
10,-45,-60,-52.5,"S",0,"anisian",247.2,244.6,242,5.2,"An","#BC75B7"
11,-60,-75,-67.5,"S",0,"anisian",247.2,244.6,242,5.2,"An","#BC75B7"
12,-75,-90,-82.5,"S",3.86740331491713,"anisian",247.2,244.6,242,5.2,"An","#BC75B7"
1,90,75,82.5,"N",0,"olenekian",251.2,249.2,247.2,4,"Ol","#B051A5"
2,75,60,67.5,"N",0,"olenekian",251.2,249.2,247.2,4,"Ol","#B051A5"
3,60,45,52.5,"N",0.434310532030402,"olenekian",251.2,249.2,247.2,4,"Ol","#B051A5"
4,45,30,37.5,"N",1.27064803049555,"olenekian",251.2,249.2,247.2,4,"Ol","#B051A5"
5,30,15,22.5,"N",0,"olenekian",251.2,249.2,247.2,4,"Ol","#B051A5"
6,15,0,7.5,"N",0,"olenekian",251.2,249.2,247.2,4,"Ol","#B051A5"
7,0,-15,-7.5,"S",0.986842105263158,"olenekian",251.2,249.2,247.2,4,"Ol","#B051A5"
8,-15,-30,-22.5,"S",0.323624595469256,"olenekian",251.2,249.2,247.2,4,"Ol","#B051A5"
9,-30,-45,-37.5,"S",0.35778175313059,"olenekian",251.2,249.2,247.2,4,"Ol","#B051A5"
10,-45,-60,-52.5,"S",0,"olenekian",251.2,249.2,247.2,4,"Ol","#B051A5"
11,-60,-75,-67.5,"S",0,"olenekian",251.2,249.2,247.2,4,"Ol","#B051A5"
12,-75,-90,-82.5,"S",0.243605359317905,"olenekian",251.2,249.2,247.2,4,"Ol","#B051A5"
1,90,75,82.5,"N",0.367647058823529,"induan",252.17,251.685,251.2,0.97,"I","#A4469F"
2,75,60,67.5,"N",0,"induan",252.17,251.685,251.2,0.97,"I","#A4469F"
3,60,45,52.5,"N",0.939457202505219,"induan",252.17,251.685,251.2,0.97,"I","#A4469F"
4,45,30,37.5,"N",1.04712041884817,"induan",252.17,251.685,251.2,0.97,"I","#A4469F"
5,30,15,22.5,"N",0,"induan",252.17,251.685,251.2,0.97,"I","#A4469F"
6,15,0,7.5,"N",0,"induan",252.17,251.685,251.2,0.97,"I","#A4469F"
7,0,-15,-7.5,"S",2.68987341772152,"induan",252.17,251.685,251.2,0.97,"I","#A4469F"
8,-15,-30,-22.5,"S",1.10759493670886,"induan",252.17,251.685,251.2,0.97,"I","#A4469F"
9,-30,-45,-37.5,"S",0.554016620498615,"induan",252.17,251.685,251.2,0.97,"I","#A4469F"
10,-45,-60,-52.5,"S",0,"induan",252.17,251.685,251.2,0.97,"I","#A4469F"
11,-60,-75,-67.5,"S",0,"induan",252.17,251.685,251.2,0.97,"I","#A4469F"
12,-75,-90,-82.5,"S",0,"induan",252.17,251.685,251.2,0.97,"I","#A4469F"
1,90,75,82.5,"N",0.264783759929391,"changhsingian",254.17,253.17,252.17,2,"Chn","#FCC0B2"
2,75,60,67.5,"N",0,"changhsingian",254.17,253.17,252.17,2,"Chn","#FCC0B2"
3,60,45,52.5,"N",0,"changhsingian",254.17,253.17,252.17,2,"Chn","#FCC0B2"
4,45,30,37.5,"N",0.645161290322581,"changhsingian",254.17,253.17,252.17,2,"Chn","#FCC0B2"
5,30,15,22.5,"N",0.778210116731518,"changhsingian",254.17,253.17,252.17,2,"Chn","#FCC0B2"
6,15,0,7.5,"N",0.183150183150183,"changhsingian",254.17,253.17,252.17,2,"Chn","#FCC0B2"
7,0,-15,-7.5,"S",2.06022187004754,"changhsingian",254.17,253.17,252.17,2,"Chn","#FCC0B2"
8,-15,-30,-22.5,"S",2.58064516129032,"changhsingian",254.17,253.17,252.17,2,"Chn","#FCC0B2"
9,-30,-45,-37.5,"S",0.391134289439374,"changhsingian",254.17,253.17,252.17,2,"Chn","#FCC0B2"
10,-45,-60,-52.5,"S",0,"changhsingian",254.17,253.17,252.17,2,"Chn","#FCC0B2"
11,-60,-75,-67.5,"S",0,"changhsingian",254.17,253.17,252.17,2,"Chn","#FCC0B2"
12,-75,-90,-82.5,"S",0,"changhsingian",254.17,253.17,252.17,2,"Chn","#FCC0B2"
1,90,75,82.5,"N",0,"wuchiapingian",259.9,257.035,254.17,5.73,"Wc","#FCB4A2"
2,75,60,67.5,"N",0,"wuchiapingian",259.9,257.035,254.17,5.73,"Wc","#FCB4A2"
3,60,45,52.5,"N",0.718132854578097,"wuchiapingian",259.9,257.035,254.17,5.73,"Wc","#FCB4A2"
4,45,30,37.5,"N",0.769230769230769,"wuchiapingian",259.9,257.035,254.17,5.73,"Wc","#FCB4A2"
5,30,15,22.5,"N",3.2015065913371,"wuchiapingian",259.9,257.035,254.17,5.73,"Wc","#FCB4A2"
6,15,0,7.5,"N",0.407331975560081,"wuchiapingian",259.9,257.035,254.17,5.73,"Wc","#FCB4A2"
7,0,-15,-7.5,"S",0.765696784073507,"wuchiapingian",259.9,257.035,254.17,5.73,"Wc","#FCB4A2"
8,-15,-30,-22.5,"S",3.18379160636758,"wuchiapingian",259.9,257.035,254.17,5.73,"Wc","#FCB4A2"
9,-30,-45,-37.5,"S",0.255102040816327,"wuchiapingian",259.9,257.035,254.17,5.73,"Wc","#FCB4A2"
10,-45,-60,-52.5,"S",0,"wuchiapingian",259.9,257.035,254.17,5.73,"Wc","#FCB4A2"
11,-60,-75,-67.5,"S",0,"wuchiapingian",259.9,257.035,254.17,5.73,"Wc","#FCB4A2"
12,-75,-90,-82.5,"S",0.319488817891374,"wuchiapingian",259.9,257.035,254.17,5.73,"Wc","#FCB4A2"
1,90,75,82.5,"N",0,"capitanian",265.1,262.5,259.9,5.2,"Cp","#FB9A85"
2,75,60,67.5,"N",0,"capitanian",265.1,262.5,259.9,5.2,"Cp","#FB9A85"
3,60,45,52.5,"N",0.832562442183164,"capitanian",265.1,262.5,259.9,5.2,"Cp","#FB9A85"
4,45,30,37.5,"N",0.332594235033259,"capitanian",265.1,262.5,259.9,5.2,"Cp","#FB9A85"
5,30,15,22.5,"N",0.689655172413793,"capitanian",265.1,262.5,259.9,5.2,"Cp","#FB9A85"
6,15,0,7.5,"N",0.672645739910314,"capitanian",265.1,262.5,259.9,5.2,"Cp","#FB9A85"
7,0,-15,-7.5,"S",1.63934426229508,"capitanian",265.1,262.5,259.9,5.2,"Cp","#FB9A85"
8,-15,-30,-22.5,"S",0.28169014084507,"capitanian",265.1,262.5,259.9,5.2,"Cp","#FB9A85"
9,-30,-45,-37.5,"S",0.355450236966825,"capitanian",265.1,262.5,259.9,5.2,"Cp","#FB9A85"
10,-45,-60,-52.5,"S",0.598802395209581,"capitanian",265.1,262.5,259.9,5.2,"Cp","#FB9A85"
11,-60,-75,-67.5,"S",0,"capitanian",265.1,262.5,259.9,5.2,"Cp","#FB9A85"
12,-75,-90,-82.5,"S",0,"capitanian",265.1,262.5,259.9,5.2,"Cp","#FB9A85"
1,90,75,82.5,"N",0,"wordian",268.8,266.95,265.1,3.7,"Wr","#FB8D76"
2,75,60,67.5,"N",0,"wordian",268.8,266.95,265.1,3.7,"Wr","#FB8D76"
3,60,45,52.5,"N",0,"wordian",268.8,266.95,265.1,3.7,"Wr","#FB8D76"
4,45,30,37.5,"N",1.0566762728146,"wordian",268.8,266.95,265.1,3.7,"Wr","#FB8D76"
5,30,15,22.5,"N",1.22699386503067,"wordian",268.8,266.95,265.1,3.7,"Wr","#FB8D76"
6,15,0,7.5,"N",1.22850122850123,"wordian",268.8,266.95,265.1,3.7,"Wr","#FB8D76"
7,0,-15,-7.5,"S",2.9874213836478,"wordian",268.8,266.95,265.1,3.7,"Wr","#FB8D76"
8,-15,-30,-22.5,"S",1,"wordian",268.8,266.95,265.1,3.7,"Wr","#FB8D76"
9,-30,-45,-37.5,"S",0.221238938053097,"wordian",268.8,266.95,265.1,3.7,"Wr","#FB8D76"
10,-45,-60,-52.5,"S",0.377358490566038,"wordian",268.8,266.95,265.1,3.7,"Wr","#FB8D76"
11,-60,-75,-67.5,"S",0.402414486921529,"wordian",268.8,266.95,265.1,3.7,"Wr","#FB8D76"
12,-75,-90,-82.5,"S",1.40449438202247,"wordian",268.8,266.95,265.1,3.7,"Wr","#FB8D76"
1,90,75,82.5,"N",0,"roadian",272.3,270.55,268.8,3.5,"Rd","#FB8069"
2,75,60,67.5,"N",0,"roadian",272.3,270.55,268.8,3.5,"Rd","#FB8069"
3,60,45,52.5,"N",0.116550116550117,"roadian",272.3,270.55,268.8,3.5,"Rd","#FB8069"
4,45,30,37.5,"N",3.12204351939451,"roadian",272.3,270.55,268.8,3.5,"Rd","#FB8069"
5,30,15,22.5,"N",2.45398773006135,"roadian",272.3,270.55,268.8,3.5,"Rd","#FB8069"
6,15,0,7.5,"N",1.38568129330254,"roadian",272.3,270.55,268.8,3.5,"Rd","#FB8069"
7,0,-15,-7.5,"S",1.81518151815182,"roadian",272.3,270.55,268.8,3.5,"Rd","#FB8069"
8,-15,-30,-22.5,"S",1.37174211248285,"roadian",272.3,270.55,268.8,3.5,"Rd","#FB8069"
9,-30,-45,-37.5,"S",0.214822771213749,"roadian",272.3,270.55,268.8,3.5,"Rd","#FB8069"
10,-45,-60,-52.5,"S",0,"roadian",272.3,270.55,268.8,3.5,"Rd","#FB8069"
11,-60,-75,-67.5,"S",0.198807157057654,"roadian",272.3,270.55,268.8,3.5,"Rd","#FB8069"
12,-75,-90,-82.5,"S",0,"roadian",272.3,270.55,268.8,3.5,"Rd","#FB8069"
1,90,75,82.5,"N",0,"kungurian",279.3,275.8,272.3,7,"Kn","#E38776"
2,75,60,67.5,"N",0,"kungurian",279.3,275.8,272.3,7,"Kn","#E38776"
3,60,45,52.5,"N",0,"kungurian",279.3,275.8,272.3,7,"Kn","#E38776"
4,45,30,37.5,"N",2.54957507082153,"kungurian",279.3,275.8,272.3,7,"Kn","#E38776"
5,30,15,22.5,"N",1.83673469387755,"kungurian",279.3,275.8,272.3,7,"Kn","#E38776"
6,15,0,7.5,"N",0.694444444444444,"kungurian",279.3,275.8,272.3,7,"Kn","#E38776"
7,0,-15,-7.5,"S",8.57740585774059,"kungurian",279.3,275.8,272.3,7,"Kn","#E38776"
8,-15,-30,-22.5,"S",0,"kungurian",279.3,275.8,272.3,7,"Kn","#E38776"
9,-30,-45,-37.5,"S",0.695047784535187,"kungurian",279.3,275.8,272.3,7,"Kn","#E38776"
10,-45,-60,-52.5,"S",0.25062656641604,"kungurian",279.3,275.8,272.3,7,"Kn","#E38776"
11,-60,-75,-67.5,"S",0.492206726825267,"kungurian",279.3,275.8,272.3,7,"Kn","#E38776"
12,-75,-90,-82.5,"S",0,"kungurian",279.3,275.8,272.3,7,"Kn","#E38776"
1,90,75,82.5,"N",0,"artinskian",290.1,284.7,279.3,10.8,"Art","#E37B68"
2,75,60,67.5,"N",0,"artinskian",290.1,284.7,279.3,10.8,"Art","#E37B68"
3,60,45,52.5,"N",0,"artinskian",290.1,284.7,279.3,10.8,"Art","#E37B68"
4,45,30,37.5,"N",2.12014134275618,"artinskian",290.1,284.7,279.3,10.8,"Art","#E37B68"
5,30,15,22.5,"N",3.125,"artinskian",290.1,284.7,279.3,10.8,"Art","#E37B68"
6,15,0,7.5,"N",2.16998191681736,"artinskian",290.1,284.7,279.3,10.8,"Art","#E37B68"
7,0,-15,-7.5,"S",0.76530612244898,"artinskian",290.1,284.7,279.3,10.8,"Art","#E37B68"
8,-15,-30,-22.5,"S",0.243013365735115,"artinskian",290.1,284.7,279.3,10.8,"Art","#E37B68"
9,-30,-45,-37.5,"S",0.797872340425532,"artinskian",290.1,284.7,279.3,10.8,"Art","#E37B68"
10,-45,-60,-52.5,"S",1.04712041884817,"artinskian",290.1,284.7,279.3,10.8,"Art","#E37B68"
11,-60,-75,-67.5,"S",0.631911532385466,"artinskian",290.1,284.7,279.3,10.8,"Art","#E37B68"
12,-75,-90,-82.5,"S",0.0390930414386239,"artinskian",290.1,284.7,279.3,10.8,"Art","#E37B68"
1,90,75,82.5,"N",0,"sakmarian",295.5,292.8,290.1,5.4,"Sk","#E36F5C"
2,75,60,67.5,"N",0.918836140888208,"sakmarian",295.5,292.8,290.1,5.4,"Sk","#E36F5C"
3,60,45,52.5,"N",0,"sakmarian",295.5,292.8,290.1,5.4,"Sk","#E36F5C"
4,45,30,37.5,"N",1.86005314437555,"sakmarian",295.5,292.8,290.1,5.4,"Sk","#E36F5C"
5,30,15,22.5,"N",2.21774193548387,"sakmarian",295.5,292.8,290.1,5.4,"Sk","#E36F5C"
6,15,0,7.5,"N",1.52380952380952,"sakmarian",295.5,292.8,290.1,5.4,"Sk","#E36F5C"
7,0,-15,-7.5,"S",1.59151193633952,"sakmarian",295.5,292.8,290.1,5.4,"Sk","#E36F5C"
8,-15,-30,-22.5,"S",0.324675324675325,"sakmarian",295.5,292.8,290.1,5.4,"Sk","#E36F5C"
9,-30,-45,-37.5,"S",0.871080139372822,"sakmarian",295.5,292.8,290.1,5.4,"Sk","#E36F5C"
10,-45,-60,-52.5,"S",0.852272727272727,"sakmarian",295.5,292.8,290.1,5.4,"Sk","#E36F5C"
11,-60,-75,-67.5,"S",0,"sakmarian",295.5,292.8,290.1,5.4,"Sk","#E36F5C"
12,-75,-90,-82.5,"S",0,"sakmarian",295.5,292.8,290.1,5.4,"Sk","#E36F5C"
1,90,75,82.5,"N",0,"asselian",298.9,297.2,295.5,3.4,"As","#E36350"
2,75,60,67.5,"N",0.403225806451613,"asselian",298.9,297.2,295.5,3.4,"As","#E36350"
3,60,45,52.5,"N",0,"asselian",298.9,297.2,295.5,3.4,"As","#E36350"
4,45,30,37.5,"N",1.5450643776824,"asselian",298.9,297.2,295.5,3.4,"As","#E36350"
5,30,15,22.5,"N",2.06540447504303,"asselian",298.9,297.2,295.5,3.4,"As","#E36350"
6,15,0,7.5,"N",0.809716599190283,"asselian",298.9,297.2,295.5,3.4,"As","#E36350"
7,0,-15,-7.5,"S",1.78571428571429,"asselian",298.9,297.2,295.5,3.4,"As","#E36350"
8,-15,-30,-22.5,"S",0.842992623814542,"asselian",298.9,297.2,295.5,3.4,"As","#E36350"
9,-30,-45,-37.5,"S",0.258175559380379,"asselian",298.9,297.2,295.5,3.4,"As","#E36350"
10,-45,-60,-52.5,"S",0.264084507042254,"asselian",298.9,297.2,295.5,3.4,"As","#E36350"
11,-60,-75,-67.5,"S",0,"asselian",298.9,297.2,295.5,3.4,"As","#E36350"
12,-75,-90,-82.5,"S",0,"asselian",298.9,297.2,295.5,3.4,"As","#E36350"
